iso3,Country,year,m,f
1060,Cape Verde,1990,253.2,144.2
1060,Cape Verde,1991,255.6,145.7
1060,Cape Verde,1992,258.2,147.2
1060,Cape Verde,1993,260.9,148.9
1060,Cape Verde,1994,263.7,150.7
1060,Cape Verde,1995,266.7,152.5
1060,Cape Verde,1996,269.9,154.5
1060,Cape Verde,1997,273.1,156.6
1060,Cape Verde,1998,276.6,158.8
1060,Cape Verde,1999,280.1,161.1
1060,Cape Verde,2000,283.9,163.5
1060,Cape Verde,2001,282.5,155.9
1060,Cape Verde,2002,281.2,148.6
1060,Cape Verde,2003,279.9,141.7
1060,Cape Verde,2004,278.6,135.1
1060,Cape Verde,2005,277.3,128.8
1060,Cape Verde,2006,276,122.7
1060,Cape Verde,2007,274.7,116.9
1060,Cape Verde,2008,273.6,114.6
1125,Egypt,1990,238.3,181.9
1125,Egypt,1991,236.1,179.2
1125,Egypt,1992,226.1,172.6
1125,Egypt,1993,224.1,171
1125,Egypt,1994,225.7,169
1125,Egypt,1995,220.9,161.3
1125,Egypt,1996,220.8,164
1125,Egypt,1997,221.9,164.7
1125,Egypt,1998,216.8,161.3
1125,Egypt,1999,222.5,159.8
1125,Egypt,2000,220,157.6
1125,Egypt,2001,224.2,159.9
1125,Egypt,2002,229.4,162.7
1125,Egypt,2003,225.6,159.5
1125,Egypt,2004,222,156.4
1125,Egypt,2005,218.7,153.5
1125,Egypt,2006,230.1,159.1
1125,Egypt,2007,224.8,153
1125,Egypt,2008,221.7,151
1250,Libyan Arab Jamahiriya,1990,208.7,136.4
1250,Libyan Arab Jamahiriya,1991,207.1,133.6
1250,Libyan Arab Jamahiriya,1992,205.8,131
1250,Libyan Arab Jamahiriya,1993,204.5,128.4
1250,Libyan Arab Jamahiriya,1994,203.1,125.7
1250,Libyan Arab Jamahiriya,1995,201.9,123.2
1250,Libyan Arab Jamahiriya,1996,199.3,120.9
1250,Libyan Arab Jamahiriya,1997,196.5,118.5
1250,Libyan Arab Jamahiriya,1998,193.8,116.3
1250,Libyan Arab Jamahiriya,1999,191.3,114.2
1250,Libyan Arab Jamahiriya,2000,188.7,112.1
1250,Libyan Arab Jamahiriya,2001,186.1,110
1250,Libyan Arab Jamahiriya,2002,183.7,108
1250,Libyan Arab Jamahiriya,2003,181.4,106.2
1250,Libyan Arab Jamahiriya,2004,178.8,104.1
1250,Libyan Arab Jamahiriya,2005,176.5,102.2
1250,Libyan Arab Jamahiriya,2006,174.3,100.5
1250,Libyan Arab Jamahiriya,2007,172.1,98.8
1250,Libyan Arab Jamahiriya,2008,169.8,97
1300,Mauritius,1990,263.5,120.7
1300,Mauritius,1991,259.7,122.3
1300,Mauritius,1992,250,135.2
1300,Mauritius,1993,265.3,125.8
1300,Mauritius,1994,263,128.6
1300,Mauritius,1995,259.2,124.2
1300,Mauritius,1996,257.9,116.5
1300,Mauritius,1997,259.7,119.7
1300,Mauritius,1998,243.9,112.7
1300,Mauritius,1999,237.5,115.6
1300,Mauritius,2000,222,120.9
1300,Mauritius,2001,223.1,118.9
1300,Mauritius,2002,233.1,110.7
1300,Mauritius,2003,217,115.6
1300,Mauritius,2004,215.7,108.7
1300,Mauritius,2005,217.6,108.9
1300,Mauritius,2006,208.6,108.6
1300,Mauritius,2007,208.4,102.9
1300,Mauritius,2008,213.6,104.5
1310,Morocco,1990,195.1,133.3
1310,Morocco,1991,191.2,130
1310,Morocco,1992,187.3,126.7
1310,Morocco,1993,184.4,124.3
1310,Morocco,1994,181.6,121.8
1310,Morocco,1995,178.7,119.4
1310,Morocco,1996,175.9,116.9
1310,Morocco,1997,173,114.5
1310,Morocco,1998,169.9,111.6
1310,Morocco,1999,166.7,108.8
1310,Morocco,2000,163.6,105.9
1310,Morocco,2001,160.4,103
1310,Morocco,2002,157.3,100.2
1310,Morocco,2003,154.6,97.6
1310,Morocco,2004,151.9,95
1310,Morocco,2005,149.3,92.5
1310,Morocco,2006,146.6,89.9
1310,Morocco,2007,146.6,89.9
1310,Morocco,2008,146.6,88.1
1385,Sao Tome and Principe,1990,274.6,232.2
1385,Sao Tome and Principe,1991,274.4,231.9
1385,Sao Tome and Principe,1992,274.1,231.6
1385,Sao Tome and Principe,1993,273.9,231.2
1385,Sao Tome and Principe,1994,273.7,230.9
1385,Sao Tome and Principe,1995,273.5,230.6
1385,Sao Tome and Principe,1996,273.3,230.4
1385,Sao Tome and Principe,1997,273.1,230.1
1385,Sao Tome and Principe,1998,272.9,229.8
1385,Sao Tome and Principe,1999,272.7,229.5
1385,Sao Tome and Principe,2000,272.5,229.2
1385,Sao Tome and Principe,2001,272.3,229
1385,Sao Tome and Principe,2002,272.1,228.7
1385,Sao Tome and Principe,2003,271.9,228.4
1385,Sao Tome and Principe,2004,271.7,228.1
1385,Sao Tome and Principe,2005,271.5,227.8
1385,Sao Tome and Principe,2006,271.3,227.6
1385,Sao Tome and Principe,2007,271.1,227.3
1385,Sao Tome and Principe,2008,270.9,227
1400,Seychelles,1990,317.2,127.2
1400,Seychelles,1991,319.4,118.5
1400,Seychelles,1992,307.9,117.3
1400,Seychelles,1993,296.4,110.5
1400,Seychelles,1994,294,99.7
1400,Seychelles,1995,287.9,93.4
1400,Seychelles,1996,279.3,90.3
1400,Seychelles,1997,270.1,95.6
1400,Seychelles,1998,257.3,103.2
1400,Seychelles,1999,251.6,102.1
1400,Seychelles,2000,247.7,98.7
1400,Seychelles,2001,247.7,100.5
1400,Seychelles,2002,253.7,102.5
1400,Seychelles,2003,256.5,108.4
1400,Seychelles,2004,252.9,111.5
1400,Seychelles,2005,242.1,109.4
1400,Seychelles,2006,234.9,105.3
1400,Seychelles,2007,235.4,108
1400,Seychelles,2008,232.4,109.2
1520,Tunisia,1990,145.6,102.6
1520,Tunisia,1991,149,102
1520,Tunisia,1992,143.7,103.5
1520,Tunisia,1993,149.8,104.6
1520,Tunisia,1994,155,104.9
1520,Tunisia,1995,152.8,100.5
1520,Tunisia,1996,148.9,93.3
1520,Tunisia,1997,149.8,94.5
1520,Tunisia,1998,145.5,91.7
1520,Tunisia,1999,144.8,93.4
1520,Tunisia,2000,144.3,88.5
1520,Tunisia,2001,142,87.2
1520,Tunisia,2002,140.4,84.8
1520,Tunisia,2003,138.9,82.6
1520,Tunisia,2004,137.5,80.5
1520,Tunisia,2005,136,78.4
1520,Tunisia,2006,134.5,76.3
1520,Tunisia,2007,133,74.3
1520,Tunisia,2008,131.5,72.3
2010,Antigua and Barbuda,1990,191.6,136.7
2010,Antigua and Barbuda,1991,193.3,140.5
2010,Antigua and Barbuda,1992,195.4,144.9
2010,Antigua and Barbuda,1993,198,149.8
2010,Antigua and Barbuda,1994,201,155.3
2010,Antigua and Barbuda,1995,204.5,161.4
2010,Antigua and Barbuda,1996,209,162.6
2010,Antigua and Barbuda,1997,211.1,164.8
2010,Antigua and Barbuda,1998,207.2,165.4
2010,Antigua and Barbuda,1999,210.8,160.2
2010,Antigua and Barbuda,2000,202.6,159.7
2010,Antigua and Barbuda,2001,194.3,158.6
2010,Antigua and Barbuda,2002,190,156.6
2010,Antigua and Barbuda,2003,185.1,155.5
2010,Antigua and Barbuda,2004,194.5,156.5
2010,Antigua and Barbuda,2005,193.3,159.1
2010,Antigua and Barbuda,2006,192.9,159.4
2010,Antigua and Barbuda,2007,192.7,159.7
2010,Antigua and Barbuda,2008,192.3,159.9
2020,Argentina,1990,197.9,101.9
2020,Argentina,1991,196.6,100.1
2020,Argentina,1992,200.4,99.9
2020,Argentina,1993,193.4,98.2
2020,Argentina,1994,191.4,96.3
2020,Argentina,1995,188.9,96.2
2020,Argentina,1996,191.4,96.8
2020,Argentina,1997,189.8,96.2
2020,Argentina,1998,185.3,94.8
2020,Argentina,1999,183.7,95.7
2020,Argentina,2000,176.2,92.2
2020,Argentina,2001,175.1,92.1
2020,Argentina,2002,175.8,91.2
2020,Argentina,2003,170.2,92.4
2020,Argentina,2004,161.1,88.8
2020,Argentina,2005,162.4,88.4
2020,Argentina,2006,163.8,87.9
2020,Argentina,2007,165.3,87.5
2020,Argentina,2008,159.9,86.2
2030,Bahamas,1990,261.8,147
2030,Bahamas,1991,238.8,144.3
2030,Bahamas,1992,249.6,143.9
2030,Bahamas,1993,255.9,144.5
2030,Bahamas,1994,258.1,147
2030,Bahamas,1995,248.4,148.3
2030,Bahamas,1996,249.9,152.1
2030,Bahamas,1997,259.2,149.7
2030,Bahamas,1998,259.8,148.8
2030,Bahamas,1999,255.7,145.3
2030,Bahamas,2000,244.8,145.2
2030,Bahamas,2001,238.7,144.6
2030,Bahamas,2002,223.7,138.9
2030,Bahamas,2003,213.2,125.3
2030,Bahamas,2004,210.8,123.5
2030,Bahamas,2005,212.5,128.4
2030,Bahamas,2006,217.2,132.4
2030,Bahamas,2007,208.9,128.2
2030,Bahamas,2008,205.6,127
2040,Barbados,1990,187.6,109.3
2040,Barbados,1991,192.2,102.1
2040,Barbados,1992,190.8,107.5
2040,Barbados,1993,190.1,110.8
2040,Barbados,1994,193.8,113.6
2040,Barbados,1995,200.6,107.5
2040,Barbados,1996,201.3,98.7
2040,Barbados,1997,191.2,99.8
2040,Barbados,1998,182.8,101.7
2040,Barbados,1999,184.7,108.3
2040,Barbados,2000,187.2,106.5
2040,Barbados,2001,180,105.2
2040,Barbados,2002,167.2,107.5
2040,Barbados,2003,176.6,105.1
2040,Barbados,2004,174.9,105.6
2040,Barbados,2005,173.3,106.2
2040,Barbados,2006,171.7,106.7
2040,Barbados,2007,169.9,107.1
2040,Barbados,2008,168.3,107.6
2045,Belize,1990,161.3,100.9
2045,Belize,1991,167.5,114.4
2045,Belize,1992,174,119.9
2045,Belize,1993,173.2,117.7
2045,Belize,1994,181.4,116.4
2045,Belize,1995,188.5,110.9
2045,Belize,1996,200.1,118.7
2045,Belize,1997,217.6,135.9
2045,Belize,1998,232,146.6
2045,Belize,1999,250.4,161.7
2045,Belize,2000,251,151.5
2045,Belize,2001,253.3,148.5
2045,Belize,2002,245.7,139.3
2045,Belize,2003,234,132.6
2045,Belize,2004,221.7,134.2
2045,Belize,2005,228,133.9
2045,Belize,2006,226.4,132.4
2045,Belize,2007,224.9,131
2045,Belize,2008,223.3,129.5
2070,Brazil,1990,272.3,150
2070,Brazil,1991,265.4,144.9
2070,Brazil,1992,263.3,144.6
2070,Brazil,1993,266.1,147
2070,Brazil,1994,262.4,145
2070,Brazil,1995,259.8,143.2
2070,Brazil,1996,256.9,140.7
2070,Brazil,1997,250.4,134.9
2070,Brazil,1998,248.2,133.8
2070,Brazil,1999,244,130.8
2070,Brazil,2000,239.4,126.3
2070,Brazil,2001,235.7,123.4
2070,Brazil,2002,232.2,120.2
2070,Brazil,2003,227.4,116.7
2070,Brazil,2004,225.1,114.8
2070,Brazil,2005,216.2,109.5
2070,Brazil,2006,213.7,107.6
2070,Brazil,2007,210.7,106.2
2070,Brazil,2008,209.6,105.6
2090,Canada,1990,131.8,71.1
2090,Canada,1991,127.4,69.7
2090,Canada,1992,122.8,68.2
2090,Canada,1993,122.1,66.8
2090,Canada,1994,117.6,67.1
2090,Canada,1995,116.9,66.4
2090,Canada,1996,113,65.7
2090,Canada,1997,108.6,62.7
2090,Canada,1998,104.7,62.3
2090,Canada,1999,103.3,61.1
2090,Canada,2000,100.3,60.6
2090,Canada,2001,99.1,59.2
2090,Canada,2002,96.5,59.1
2090,Canada,2003,96.5,58
2090,Canada,2004,94.4,56.8
2090,Canada,2005,94.1,56.9
2090,Canada,2006,91.6,55.6
2090,Canada,2007,88.8,54.3
2090,Canada,2008,86.9,53.4
2120,Chile,1990,196.1,98.4
2120,Chile,1991,172.6,90.6
2120,Chile,1992,156.2,85.1
2120,Chile,1993,158.3,84.3
2120,Chile,1994,160.5,85
2120,Chile,1995,164.9,83.2
2120,Chile,1996,160.9,79.4
2120,Chile,1997,153.4,77.1
2120,Chile,1998,147.4,74.8
2120,Chile,1999,142.4,73.1
2120,Chile,2000,137,68.8
2120,Chile,2001,140,71.1
2120,Chile,2002,133.3,66.9
2120,Chile,2003,132,67.1
2120,Chile,2004,128.4,64.6
2120,Chile,2005,123.2,62.6
2120,Chile,2006,119.6,62.4
2120,Chile,2007,122.5,64.6
2120,Chile,2008,115.8,59.8
2130,Colombia,1990,235.4,137.2
2130,Colombia,1991,263.5,127.9
2130,Colombia,1992,262.5,127
2130,Colombia,1993,255.6,124.5
2130,Colombia,1994,246.9,122.3
2130,Colombia,1995,226.7,110.5
2130,Colombia,1996,239.5,113.4
2130,Colombia,1997,214.7,102.8
2130,Colombia,1998,209.5,100.4
2130,Colombia,1999,210,98.6
2130,Colombia,2000,211.5,94.9
2130,Colombia,2001,208.5,93.3
2130,Colombia,2002,202.2,88.5
2130,Colombia,2003,187.1,88.6
2130,Colombia,2004,176,84.3
2130,Colombia,2005,163.6,80.6
2130,Colombia,2006,162.2,78.9
2130,Colombia,2007,156.4,76.2
2130,Colombia,2008,149,73.5
2140,Costa Rica,1990,128.5,85.9
2140,Costa Rica,1991,129.7,86.4
2140,Costa Rica,1992,136.8,83
2140,Costa Rica,1993,132.6,82.3
2140,Costa Rica,1994,136.9,87.2
2140,Costa Rica,1995,141.4,90
2140,Costa Rica,1996,131.2,83.7
2140,Costa Rica,1997,132.4,81.2
2140,Costa Rica,1998,127.7,81.6
2140,Costa Rica,1999,133.4,80.1
2140,Costa Rica,2000,124,75.1
2140,Costa Rica,2001,122.5,77.1
2140,Costa Rica,2002,119.9,73
2140,Costa Rica,2003,119.6,72.8
2140,Costa Rica,2004,114.7,68.1
2140,Costa Rica,2005,107.7,68.4
2140,Costa Rica,2006,115.6,72
2140,Costa Rica,2007,109.2,61.3
2140,Costa Rica,2008,124.3,67.7
2150,Cuba,1990,155.2,110.7
2150,Cuba,1991,154,107.8
2150,Cuba,1992,153.5,107.1
2150,Cuba,1993,153.9,106
2150,Cuba,1994,156.5,102.9
2150,Cuba,1995,152,102.7
2150,Cuba,1996,146.5,100.4
2150,Cuba,1997,147.1,96
2150,Cuba,1998,146.5,95.8
2150,Cuba,1999,145.5,92.2
2150,Cuba,2000,139.7,89.6
2150,Cuba,2001,137.5,89.9
2150,Cuba,2002,130.3,84.2
2150,Cuba,2003,129.7,85.7
2150,Cuba,2004,129.1,84.4
2150,Cuba,2005,131.7,84.9
2150,Cuba,2006,125.3,79.6
2150,Cuba,2007,124.4,79.7
2150,Cuba,2008,122.1,81.3
2160,Dominica,1990,193.5,145.1
2160,Dominica,1991,196.1,147.4
2160,Dominica,1992,193,146.8
2160,Dominica,1993,188.4,138
2160,Dominica,1994,193.1,126.7
2160,Dominica,1995,195.7,124.2
2160,Dominica,1996,199.7,124.9
2160,Dominica,1997,209.7,131.9
2160,Dominica,1998,201.4,131.8
2160,Dominica,1999,189.3,123.4
2160,Dominica,2000,188.7,115.5
2160,Dominica,2001,187.5,112.3
2160,Dominica,2002,194.4,115.7
2160,Dominica,2003,208.4,118.3
2160,Dominica,2004,208.1,126.3
2160,Dominica,2005,205,120
2160,Dominica,2006,206.3,119.6
2160,Dominica,2007,207.6,119.3
2160,Dominica,2008,208.9,118.9
2170,Dominican Republic,1990,179.7,153.1
2170,Dominican Republic,1991,172.1,157.3
2170,Dominican Republic,1992,159.1,142
2170,Dominican Republic,1993,161.1,137.8
2170,Dominican Republic,1994,163.4,134
2170,Dominican Republic,1995,170.4,140.7
2170,Dominican Republic,1996,175.2,141.4
2170,Dominican Republic,1997,179.3,145.4
2170,Dominican Republic,1998,187.2,152.2
2170,Dominican Republic,1999,174.2,142.1
2170,Dominican Republic,2000,164.2,123.7
2170,Dominican Republic,2001,171.1,130
2170,Dominican Republic,2002,167.9,129.3
2170,Dominican Republic,2003,181.3,130.9
2170,Dominican Republic,2004,188.2,140.1
2170,Dominican Republic,2005,180.9,132.6
2170,Dominican Republic,2006,184.2,129.5
2170,Dominican Republic,2007,185.9,128.3
2170,Dominican Republic,2008,187.6,127
2180,Ecuador,1990,254,172.8
2180,Ecuador,1991,252.6,165.9
2180,Ecuador,1992,241.7,165.9
2180,Ecuador,1993,236.7,159.4
2180,Ecuador,1994,234.7,154.5
2180,Ecuador,1995,226.9,146.5
2180,Ecuador,1996,230.9,147.2
2180,Ecuador,1997,219.3,141.2
2180,Ecuador,1998,227.3,143
2180,Ecuador,1999,230,144.5
2180,Ecuador,2000,227.5,141.4
2180,Ecuador,2001,217.2,138.8
2180,Ecuador,2002,218,133.5
2180,Ecuador,2003,208.5,128.2
2180,Ecuador,2004,206.9,126.5
2180,Ecuador,2005,213.9,128.3
2180,Ecuador,2006,206.4,125.7
2180,Ecuador,2007,205.9,121.4
2180,Ecuador,2008,207,120.7
2190,El Salvador,1990,290.8,154.5
2190,El Salvador,1991,288.3,147.7
2190,El Salvador,1992,305.7,160.9
2190,El Salvador,1993,314.9,164.8
2190,El Salvador,1994,304.7,151.5
2190,El Salvador,1995,295.7,139.5
2190,El Salvador,1996,275.6,140.9
2190,El Salvador,1997,280.1,142.7
2190,El Salvador,1998,298,145.9
2190,El Salvador,1999,272,140.1
2190,El Salvador,2000,276.4,135.8
2190,El Salvador,2001,272.6,142.9
2190,El Salvador,2002,256.9,130.2
2190,El Salvador,2003,269.7,128.8
2190,El Salvador,2004,283.9,133
2190,El Salvador,2005,287.9,133.6
2190,El Salvador,2006,295,134.1
2190,El Salvador,2007,286.9,133.9
2190,El Salvador,2008,291.8,129.8
2230,Grenada,1990,284.8,237.2
2230,Grenada,1991,282.8,236.1
2230,Grenada,1992,280.9,235.1
2230,Grenada,1993,279,234
2230,Grenada,1994,277.1,233
2230,Grenada,1995,275.2,231.9
2230,Grenada,1996,273.4,230.9
2230,Grenada,1997,271.5,229.9
2230,Grenada,1998,269.6,228.8
2230,Grenada,1999,267.8,227.8
2230,Grenada,2000,266,226.8
2230,Grenada,2001,263.3,224.5
2230,Grenada,2002,260.7,222.3
2230,Grenada,2003,258.1,220.1
2230,Grenada,2004,255.5,217.9
2230,Grenada,2005,253,215.7
2230,Grenada,2006,250.5,213.6
2230,Grenada,2007,247.9,211.4
2230,Grenada,2008,245.5,209.3
2250,Guatemala,1990,286,198.4
2250,Guatemala,1991,306,214.7
2250,Guatemala,1992,314.4,224.2
2250,Guatemala,1993,322,217.1
2250,Guatemala,1994,327.8,215.8
2250,Guatemala,1995,296.8,178.9
2250,Guatemala,1996,279.2,164.5
2250,Guatemala,1997,297.5,174.4
2250,Guatemala,1998,305.1,176.5
2250,Guatemala,1999,283.6,168.1
2250,Guatemala,2000,291.8,178.3
2250,Guatemala,2001,294.3,165.4
2250,Guatemala,2002,280.6,164.2
2250,Guatemala,2003,291.4,163
2250,Guatemala,2004,287.3,163
2250,Guatemala,2005,301.5,167.5
2250,Guatemala,2006,299.9,161.7
2250,Guatemala,2007,300.1,160.4
2250,Guatemala,2008,301.6,159
2260,Guyana,1990,384.6,223.3
2260,Guyana,1991,362.5,208.8
2260,Guyana,1992,353.1,212.6
2260,Guyana,1993,339.5,206.2
2260,Guyana,1994,362.1,215.8
2260,Guyana,1995,372,215.1
2260,Guyana,1996,396.3,219.2
2260,Guyana,1997,397.8,223.2
2260,Guyana,1998,390.5,212.1
2260,Guyana,1999,374.9,209.8
2260,Guyana,2000,357,210.5
2260,Guyana,2001,359.7,219.4
2260,Guyana,2002,354.1,220.4
2260,Guyana,2003,341.4,215.2
2260,Guyana,2004,326.8,221.5
2260,Guyana,2005,319.3,226
2260,Guyana,2006,309.2,225.4
2260,Guyana,2007,299.4,224.6
2260,Guyana,2008,291.2,225.8
2290,Jamaica,1990,136.4,117.6
2290,Jamaica,1991,123.6,110.3
2290,Jamaica,1992,128.8,112.6
2290,Jamaica,1993,134.4,114.9
2290,Jamaica,1994,140.4,117.5
2290,Jamaica,1995,146.9,120.3
2290,Jamaica,1996,153.9,123.3
2290,Jamaica,1997,160.3,139.3
2290,Jamaica,1998,182.5,142.3
2290,Jamaica,1999,172.1,130.2
2290,Jamaica,2000,181.7,132
2290,Jamaica,2001,186.9,132.2
2290,Jamaica,2002,192.9,132.8
2290,Jamaica,2003,202.1,130.7
2290,Jamaica,2004,197.9,122.5
2290,Jamaica,2005,206.1,134.1
2290,Jamaica,2006,210.4,130.3
2290,Jamaica,2007,214.9,130.4
2290,Jamaica,2008,219.5,130.4
2310,Mexico,1990,215.5,119.7
2310,Mexico,1991,210.8,115.7
2310,Mexico,1992,209.8,114.7
2310,Mexico,1993,207.4,113.9
2310,Mexico,1994,203,111.4
2310,Mexico,1995,198.2,111.2
2310,Mexico,1996,191.5,107.5
2310,Mexico,1997,189.1,106.1
2310,Mexico,1998,187.2,105.2
2310,Mexico,1999,179.2,102.9
2310,Mexico,2000,172.4,98.6
2310,Mexico,2001,167.3,96.9
2310,Mexico,2002,166.9,96.6
2310,Mexico,2003,166.1,96.1
2310,Mexico,2004,160.7,93.3
2310,Mexico,2005,162.3,93.8
2310,Mexico,2006,159.8,91.7
2310,Mexico,2007,161.6,91.6
2310,Mexico,2008,154.1,88.6
2340,Nicaragua,1990,170.8,122.4
2340,Nicaragua,1991,214.6,140.7
2340,Nicaragua,1992,186.6,127.4
2340,Nicaragua,1993,187.7,134.4
2340,Nicaragua,1994,189.9,122.3
2340,Nicaragua,1995,195.3,126.5
2340,Nicaragua,1996,201.4,131.3
2340,Nicaragua,1997,192.3,123.4
2340,Nicaragua,1998,193.7,130.6
2340,Nicaragua,1999,196.9,120.2
2340,Nicaragua,2000,191.3,121.3
2340,Nicaragua,2001,192.2,126
2340,Nicaragua,2002,200,129.1
2340,Nicaragua,2003,210.4,126.3
2340,Nicaragua,2004,207.9,130.4
2340,Nicaragua,2005,217.1,133.7
2340,Nicaragua,2006,200.2,116.8
2340,Nicaragua,2007,208.1,123.4
2340,Nicaragua,2008,208.9,122.6
2350,Panama,1990,146,100.9
2350,Panama,1991,145,94.1
2350,Panama,1992,146.1,98.5
2350,Panama,1993,158.9,92.2
2350,Panama,1994,154.9,87.9
2350,Panama,1995,161.3,88.8
2350,Panama,1996,149.7,90
2350,Panama,1997,153.2,95.2
2350,Panama,1998,150.3,94.5
2350,Panama,1999,150.7,84.3
2350,Panama,2000,138.8,84.8
2350,Panama,2001,139.9,84.6
2350,Panama,2002,139.9,84.5
2350,Panama,2003,141.9,83.9
2350,Panama,2004,135.9,84.3
2350,Panama,2005,139.6,84.1
2350,Panama,2006,143.6,84.1
2350,Panama,2007,143.2,84.5
2350,Panama,2008,140,82.6
2360,Paraguay,1990,137.9,99.2
2360,Paraguay,1991,141.3,99.1
2360,Paraguay,1992,144.9,99
2360,Paraguay,1993,148.7,99.1
2360,Paraguay,1994,152.6,99.2
2360,Paraguay,1995,154.8,104
2360,Paraguay,1996,163.1,105.8
2360,Paraguay,1997,155.8,98.5
2360,Paraguay,1998,156.2,96.8
2360,Paraguay,1999,165.4,98.1
2360,Paraguay,2000,158.4,103.5
2360,Paraguay,2001,153.1,99
2360,Paraguay,2002,154.4,98.9
2360,Paraguay,2003,162.9,102.8
2360,Paraguay,2004,163.8,102.7
2360,Paraguay,2005,164.8,102.6
2360,Paraguay,2006,171,106.3
2360,Paraguay,2007,168.8,104.9
2360,Paraguay,2008,170.2,105.3
2370,Peru,1990,157,121.6
2370,Peru,1991,153.9,114.4
2370,Peru,1992,184.6,139.2
2370,Peru,1993,179.9,136.6
2370,Peru,1994,175.4,134
2370,Peru,1995,187.8,139.6
2370,Peru,1996,190.2,142.9
2370,Peru,1997,175.8,133.1
2370,Peru,1998,176.1,130.5
2370,Peru,1999,165.5,127.2
2370,Peru,2000,161.1,119
2370,Peru,2001,141.4,110.9
2370,Peru,2002,141.9,110.9
2370,Peru,2003,142.4,111
2370,Peru,2004,135.7,106.5
2370,Peru,2005,131.1,103.5
2370,Peru,2006,126.5,100.4
2370,Peru,2007,122,97.4
2370,Peru,2008,117.6,94.5
2385,Saint Kitts and Nevis,1990,272,193.3
2385,Saint Kitts and Nevis,1991,259.7,170.9
2385,Saint Kitts and Nevis,1992,246.4,154.7
2385,Saint Kitts and Nevis,1993,246.9,149.6
2385,Saint Kitts and Nevis,1994,246.9,149.8
2385,Saint Kitts and Nevis,1995,240.1,159.5
2385,Saint Kitts and Nevis,1996,234.6,161.7
2385,Saint Kitts and Nevis,1997,226.8,160.2
2385,Saint Kitts and Nevis,1998,220.3,157
2385,Saint Kitts and Nevis,1999,219.2,145.5
2385,Saint Kitts and Nevis,2000,213.7,133.6
2385,Saint Kitts and Nevis,2001,207.3,127.5
2385,Saint Kitts and Nevis,2002,202.1,121.8
2385,Saint Kitts and Nevis,2003,198.1,116.4
2385,Saint Kitts and Nevis,2004,195.4,111.4
2385,Saint Kitts and Nevis,2005,191.5,107
2385,Saint Kitts and Nevis,2006,187.7,102.6
2385,Saint Kitts and Nevis,2007,184,98.5
2385,Saint Kitts and Nevis,2008,180.3,94.5
2400,Saint Lucia,1990,204,147.3
2400,Saint Lucia,1991,203.4,140.3
2400,Saint Lucia,1992,206.1,136.7
2400,Saint Lucia,1993,211.7,131.7
2400,Saint Lucia,1994,215.3,133
2400,Saint Lucia,1995,215.9,139.1
2400,Saint Lucia,1996,220,139.5
2400,Saint Lucia,1997,219.8,140.2
2400,Saint Lucia,1998,216.3,134.9
2400,Saint Lucia,1999,211.5,123.4
2400,Saint Lucia,2000,205.3,116.6
2400,Saint Lucia,2001,203.5,109.8
2400,Saint Lucia,2002,202.2,106.3
2400,Saint Lucia,2003,200.4,107.2
2400,Saint Lucia,2004,200.2,106
2400,Saint Lucia,2005,198.4,103
2400,Saint Lucia,2006,196.7,100
2400,Saint Lucia,2007,195,97.2
2400,Saint Lucia,2008,193.2,94.4
2420,Saint Vincent and the Grenadines,1990,216.7,139.8
2420,Saint Vincent and the Grenadines,1991,209.1,142.9
2420,Saint Vincent and the Grenadines,1992,202,142.8
2420,Saint Vincent and the Grenadines,1993,201.7,150.6
2420,Saint Vincent and the Grenadines,1994,207.1,157.5
2420,Saint Vincent and the Grenadines,1995,213.8,162.3
2420,Saint Vincent and the Grenadines,1996,222.9,168.1
2420,Saint Vincent and the Grenadines,1997,234.2,170.3
2420,Saint Vincent and the Grenadines,1998,245.7,164.4
2420,Saint Vincent and the Grenadines,1999,254.4,160.3
2420,Saint Vincent and the Grenadines,2000,258.9,164.6
2420,Saint Vincent and the Grenadines,2001,262,163.6
2420,Saint Vincent and the Grenadines,2002,264.5,163.6
2420,Saint Vincent and the Grenadines,2003,273.5,165.8
2420,Saint Vincent and the Grenadines,2004,279.8,166.6
2420,Saint Vincent and the Grenadines,2005,286.1,167.2
2420,Saint Vincent and the Grenadines,2006,292.4,167.7
2420,Saint Vincent and the Grenadines,2007,298.8,168.2
2420,Saint Vincent and the Grenadines,2008,305.1,168.5
2430,Suriname,1990,265.3,174.8
2430,Suriname,1991,272.8,169.5
2430,Suriname,1992,263.5,167.4
2430,Suriname,1993,259.3,166.3
2430,Suriname,1994,245.3,166.1
2430,Suriname,1995,234.4,156.9
2430,Suriname,1996,240.8,154.7
2430,Suriname,1997,245.5,155.1
2430,Suriname,1998,244.1,165.5
2430,Suriname,1999,241.9,167.3
2430,Suriname,2000,241.2,164.7
2430,Suriname,2001,242.1,157.9
2430,Suriname,2002,239.3,155.3
2430,Suriname,2003,240.6,157.5
2430,Suriname,2004,230.2,141.4
2430,Suriname,2005,221.3,130.2
2430,Suriname,2006,214.2,125.4
2430,Suriname,2007,220.3,130.5
2430,Suriname,2008,218.2,127.6
2440,Trinidad and Tobago,1990,235.6,156.3
2440,Trinidad and Tobago,1991,227.8,157
2440,Trinidad and Tobago,1992,215.4,160.3
2440,Trinidad and Tobago,1993,223.8,168.9
2440,Trinidad and Tobago,1994,227.8,171.7
2440,Trinidad and Tobago,1995,215.9,161.8
2440,Trinidad and Tobago,1996,240.5,155.5
2440,Trinidad and Tobago,1997,220.2,145.3
2440,Trinidad and Tobago,1998,251.8,160.7
2440,Trinidad and Tobago,1999,261.2,161.4
2440,Trinidad and Tobago,2000,252.4,154.7
2440,Trinidad and Tobago,2001,256.9,151.7
2440,Trinidad and Tobago,2002,245.7,138.9
2440,Trinidad and Tobago,2003,244.3,134.8
2440,Trinidad and Tobago,2004,243.3,130.9
2440,Trinidad and Tobago,2005,242.6,127.2
2440,Trinidad and Tobago,2006,242.3,129.3
2440,Trinidad and Tobago,2007,241.7,126.6
2440,Trinidad and Tobago,2008,241,124
2450,United States of America,1990,172.4,91
2450,United States of America,1991,171.1,90.8
2450,United States of America,1992,168.8,89
2450,United States of America,1993,170.7,89.9
2450,United States of America,1994,169.9,89.6
2450,United States of America,1995,168.6,89.8
2450,United States of America,1996,159.7,87.9
2450,United States of America,1997,151,86
2450,United States of America,1998,147.5,84
2450,United States of America,1999,147.2,84.4
2450,United States of America,2000,144,83.4
2450,United States of America,2001,143.7,83.8
2450,United States of America,2002,143.7,83.4
2450,United States of America,2003,142.9,83.1
2450,United States of America,2004,139.4,81.3
2450,United States of America,2005,141.1,81.4
2450,United States of America,2006,139.9,80.9
2450,United States of America,2007,136.3,79.9
2450,United States of America,2008,134.5,79.2
2460,Uruguay,1990,196.1,97.9
2460,Uruguay,1991,179.3,97
2460,Uruguay,1992,188.7,89.3
2460,Uruguay,1993,195.7,92.8
2460,Uruguay,1994,193.5,93.8
2460,Uruguay,1995,188.9,93.2
2460,Uruguay,1996,187.1,91.6
2460,Uruguay,1997,189.2,92
2460,Uruguay,1998,187.9,92.2
2460,Uruguay,1999,186.3,88.2
2460,Uruguay,2000,181.2,90.5
2460,Uruguay,2001,169.8,88.5
2460,Uruguay,2002,175.6,90.6
2460,Uruguay,2003,168.6,89
2460,Uruguay,2004,166.5,89.3
2460,Uruguay,2005,165.1,87.2
2460,Uruguay,2006,162.7,86.4
2460,Uruguay,2007,160.3,85.6
2460,Uruguay,2008,158,84.8
2470,Venezuela (Bolivarian Republic of),1990,178.2,116.8
2470,Venezuela (Bolivarian Republic of),1991,180.9,116.6
2470,Venezuela (Bolivarian Republic of),1992,182.6,115
2470,Venezuela (Bolivarian Republic of),1993,185.5,109.2
2470,Venezuela (Bolivarian Republic of),1994,186.9,112.6
2470,Venezuela (Bolivarian Republic of),1995,180.8,109.9
2470,Venezuela (Bolivarian Republic of),1996,174.7,109.9
2470,Venezuela (Bolivarian Republic of),1997,166.5,106.3
2470,Venezuela (Bolivarian Republic of),1998,173.8,102.7
2470,Venezuela (Bolivarian Republic of),1999,176.7,103.4
2470,Venezuela (Bolivarian Republic of),2000,185.3,98.4
2470,Venezuela (Bolivarian Republic of),2001,188.7,98.3
2470,Venezuela (Bolivarian Republic of),2002,185.1,104.1
2470,Venezuela (Bolivarian Republic of),2003,196.4,101.9
2470,Venezuela (Bolivarian Republic of),2004,185.8,96.3
2470,Venezuela (Bolivarian Republic of),2005,182.6,95.8
2470,Venezuela (Bolivarian Republic of),2006,190.8,95.1
2470,Venezuela (Bolivarian Republic of),2007,199.5,94.4
2470,Venezuela (Bolivarian Republic of),2008,195,93
3020,Bahrain,1990,105.5,106.9
3020,Bahrain,1991,115.4,112.7
3020,Bahrain,1992,123.4,116.9
3020,Bahrain,1993,125.3,109.5
3020,Bahrain,1994,122,107.4
3020,Bahrain,1995,123.2,104
3020,Bahrain,1996,125.7,99.7
3020,Bahrain,1997,129.3,97.4
3020,Bahrain,1998,126.9,97.9
3020,Bahrain,1999,123.1,95.4
3020,Bahrain,2000,114.7,88.8
3020,Bahrain,2001,116.3,82.3
3020,Bahrain,2002,112.9,84.7
3020,Bahrain,2003,115.5,87.1
3020,Bahrain,2004,113.8,87.6
3020,Bahrain,2005,122.7,90.3
3020,Bahrain,2006,116.8,84.7
3020,Bahrain,2007,116.1,83.4
3020,Bahrain,2008,115.6,82.2
3027,Bhutan,1990,336.7,301.6
3027,Bhutan,1991,330.4,293.5
3027,Bhutan,1992,324.3,285.7
3027,Bhutan,1993,318.5,278.4
3027,Bhutan,1994,312.9,271.2
3027,Bhutan,1995,307.5,264.3
3027,Bhutan,1996,302.5,257.8
3027,Bhutan,1997,297.7,251.7
3027,Bhutan,1998,293,245.6
3027,Bhutan,1999,288.6,239.9
3027,Bhutan,2000,284.3,234.3
3027,Bhutan,2001,280.3,229.1
3027,Bhutan,2002,276.4,224
3027,Bhutan,2003,272.7,219.2
3027,Bhutan,2004,269,214.4
3027,Bhutan,2005,265.6,209.9
3027,Bhutan,2006,262.2,205.4
3027,Bhutan,2007,259.1,201.3
3027,Bhutan,2008,256,197.1
3030,Brunei Darussalam,1990,151.2,111.8
3030,Brunei Darussalam,1991,150.4,112
3030,Brunei Darussalam,1992,158.9,107.6
3030,Brunei Darussalam,1993,151.1,108.7
3030,Brunei Darussalam,1994,146,99.1
3030,Brunei Darussalam,1995,148.4,100.6
3030,Brunei Darussalam,1996,142.4,89.2
3030,Brunei Darussalam,1997,142.2,84.7
3030,Brunei Darussalam,1998,121.6,78.8
3030,Brunei Darussalam,1999,117,81.2
3030,Brunei Darussalam,2000,112.8,84.8
3030,Brunei Darussalam,2001,120,84.6
3030,Brunei Darussalam,2002,124.6,83
3030,Brunei Darussalam,2003,123.5,93.9
3030,Brunei Darussalam,2004,115.6,83.8
3030,Brunei Darussalam,2005,113.2,83
3030,Brunei Darussalam,2006,110.8,82.1
3030,Brunei Darussalam,2007,108.4,81.2
3030,Brunei Darussalam,2008,106.1,80.3
3080,Cyprus,1990,110.1,61.2
3080,Cyprus,1991,126.5,59
3080,Cyprus,1992,108.2,60.7
3080,Cyprus,1993,115.1,50.2
3080,Cyprus,1994,124.5,66.2
3080,Cyprus,1995,110.2,68.2
3080,Cyprus,1996,105.7,53.1
3080,Cyprus,1997,108.3,57.8
3080,Cyprus,1998,114.1,55.3
3080,Cyprus,1999,106.7,54.9
3080,Cyprus,2000,107.3,56.4
3080,Cyprus,2001,100.5,43
3080,Cyprus,2002,98.6,47.3
3080,Cyprus,2003,89.9,47.9
3080,Cyprus,2004,97.9,45
3080,Cyprus,2005,94.7,48.6
3080,Cyprus,2006,74.2,42.3
3080,Cyprus,2007,91.8,37.7
3080,Cyprus,2008,83.7,39.2
3087,Timor-Leste,1990,402.6,328.8
3087,Timor-Leste,1991,391.9,326
3087,Timor-Leste,1992,381.9,318.7
3087,Timor-Leste,1993,372.5,308.9
3087,Timor-Leste,1994,363.6,299.6
3087,Timor-Leste,1995,355.1,290.6
3087,Timor-Leste,1996,348.7,283.9
3087,Timor-Leste,1997,343.7,278.5
3087,Timor-Leste,1998,337.8,272.3
3087,Timor-Leste,1999,329.9,263.8
3087,Timor-Leste,2000,322.3,255.8
3087,Timor-Leste,2001,315.2,248.1
3087,Timor-Leste,2002,308.6,240.9
3087,Timor-Leste,2003,302.3,234.1
3087,Timor-Leste,2004,296.3,227.5
3087,Timor-Leste,2005,290.7,221.4
3087,Timor-Leste,2006,285.3,215.4
3087,Timor-Leste,2007,280.2,209.7
3087,Timor-Leste,2008,275.4,204.3
3100,India,1990,302.2,243.3
3100,India,1991,302.2,248.6
3100,India,1992,298.6,245.2
3100,India,1993,293.7,241
3100,India,1994,286.2,228.5
3100,India,1995,282.2,225.9
3100,India,1996,285.8,229.4
3100,India,1997,289.1,232.6
3100,India,1998,294.8,231.5
3100,India,1999,290.9,224.7
3100,India,2000,288.4,220.3
3100,India,2001,283.4,215.5
3100,India,2002,278.9,206.9
3100,India,2003,266.9,196.3
3100,India,2004,258.1,188.1
3100,India,2005,252,182.7
3100,India,2006,257.8,180.8
3100,India,2007,253.1,177.5
3100,India,2008,249.8,173.4
3140,Iraq,1990,235,168.2
3140,Iraq,1991,235,168.2
3140,Iraq,1992,235,168.2
3140,Iraq,1993,235,168.2
3140,Iraq,1994,235,168.2
3140,Iraq,1995,235,168.2
3140,Iraq,1996,235,168.2
3140,Iraq,1997,235,168.2
3140,Iraq,1998,235,168.2
3140,Iraq,1999,235,168.2
3140,Iraq,2000,235,168.2
3140,Iraq,2001,235,168.2
3140,Iraq,2002,235,168.2
3140,Iraq,2003,235,168.2
3140,Iraq,2004,235,168.2
3140,Iraq,2005,235,168.2
3140,Iraq,2006,235,168.2
3140,Iraq,2007,235,168.2
3140,Iraq,2008,235,168.2
3150,Israel,1990,107.4,70.8
3150,Israel,1991,109.2,68
3150,Israel,1992,111.8,67.9
3150,Israel,1993,107.2,63.3
3150,Israel,1994,107.4,63.5
3150,Israel,1995,107.2,60.5
3150,Israel,1996,102.7,60
3150,Israel,1997,103.1,58
3150,Israel,1998,105.4,56.4
3150,Israel,1999,99.4,56.9
3150,Israel,2000,103.2,54.9
3150,Israel,2001,98.8,53.8
3150,Israel,2002,98,53.3
3150,Israel,2003,92.3,51.1
3150,Israel,2004,88.5,48.2
3150,Israel,2005,90.5,50
3150,Israel,2006,87.9,47.6
3150,Israel,2007,85.4,47.6
3150,Israel,2008,85.2,46.1
3160,Japan,1990,108.5,53.3
3160,Japan,1991,107,53
3160,Japan,1992,106.1,52.4
3160,Japan,1993,104.4,51.4
3160,Japan,1994,101.1,49.9
3160,Japan,1995,102.4,51.7
3160,Japan,1996,98.8,49.3
3160,Japan,1997,97.2,48.7
3160,Japan,1998,100,48.9
3160,Japan,1999,100.9,48.6
3160,Japan,2000,98.1,47.6
3160,Japan,2001,97.3,46.7
3160,Japan,2002,95.4,45.5
3160,Japan,2003,95.9,45
3160,Japan,2004,92.3,45.4
3160,Japan,2005,92.1,44.9
3160,Japan,2006,89.2,44.2
3160,Japan,2007,88.2,43.7
3160,Japan,2008,86.7,43.3
3170,Jordan,1990,240.9,165.7
3170,Jordan,1991,235.8,160.8
3170,Jordan,1992,230.9,156.1
3170,Jordan,1993,226.1,151.5
3170,Jordan,1994,221.4,147.1
3170,Jordan,1995,216.7,142.8
3170,Jordan,1996,212.2,138.6
3170,Jordan,1997,207.8,134.5
3170,Jordan,1998,203.4,130.6
3170,Jordan,1999,199.2,126.7
3170,Jordan,2000,195,123
3170,Jordan,2001,193,122.1
3170,Jordan,2002,191,121.2
3170,Jordan,2003,189,120.3
3170,Jordan,2004,187.1,119.5
3170,Jordan,2005,185.2,118.6
3170,Jordan,2006,183.3,117.7
3170,Jordan,2007,181.4,116.9
3170,Jordan,2008,179.5,116
3190,Kuwait,1990,116,85.8
3190,Kuwait,1991,90.9,69.9
3190,Kuwait,1992,83.5,62.2
3190,Kuwait,1993,116.4,82.7
3190,Kuwait,1994,95.8,77.9
3190,Kuwait,1995,100.6,86.1
3190,Kuwait,1996,95,82.9
3190,Kuwait,1997,102.5,77.8
3190,Kuwait,1998,91.7,70.7
3190,Kuwait,1999,90,66.7
3190,Kuwait,2000,86.1,62.2
3190,Kuwait,2001,81.9,61.2
3190,Kuwait,2002,76.6,63.3
3190,Kuwait,2003,72.9,52.8
3190,Kuwait,2004,74.6,58.7
3190,Kuwait,2005,74.7,53
3190,Kuwait,2006,75.3,48.9
3190,Kuwait,2007,64.2,50.4
3190,Kuwait,2008,67.7,50.5
3236,Malaysia,1990,208.9,128.5
3236,Malaysia,1991,213.3,129.9
3236,Malaysia,1992,204.1,121.6
3236,Malaysia,1993,200.7,120.6
3236,Malaysia,1994,197.1,114.5
3236,Malaysia,1995,205.7,119.3
3236,Malaysia,1996,203,116.1
3236,Malaysia,1997,202.3,113.2
3236,Malaysia,1998,197.4,110.3
3236,Malaysia,1999,212.7,121.2
3236,Malaysia,2000,197.8,112.1
3236,Malaysia,2001,192.8,108.5
3236,Malaysia,2002,186.8,107
3236,Malaysia,2003,191,106.6
3236,Malaysia,2004,188.7,103.3
3236,Malaysia,2005,183,101.8
3236,Malaysia,2006,179.2,99.8
3236,Malaysia,2007,179.1,98.8
3236,Malaysia,2008,176.9,97.1
3255,Maldives,1990,280.7,345.6
3255,Maldives,1991,267.5,338.3
3255,Maldives,1992,254.9,313
3255,Maldives,1993,251.3,290
3255,Maldives,1994,240.5,255.9
3255,Maldives,1995,245.5,240.9
3255,Maldives,1996,245.5,224.8
3255,Maldives,1997,235,222.6
3255,Maldives,1998,205.8,200.7
3255,Maldives,1999,191.9,186.9
3255,Maldives,2000,182,161
3255,Maldives,2001,181.6,158.1
3255,Maldives,2002,163.8,137.2
3255,Maldives,2003,150.6,124.1
3255,Maldives,2004,127.1,100.8
3255,Maldives,2005,121.7,96
3255,Maldives,2006,109.7,86.2
3255,Maldives,2007,110.3,81
3255,Maldives,2008,100,71.8
3260,Mongolia,1990,263.7,193.6
3260,Mongolia,1991,261.9,187.5
3260,Mongolia,1992,277.2,199.2
3260,Mongolia,1993,304.3,198.5
3260,Mongolia,1994,289.8,191.6
3260,Mongolia,1995,306.5,204.6
3260,Mongolia,1996,301.5,195.3
3260,Mongolia,1997,297,187.2
3260,Mongolia,1998,279.1,173.3
3260,Mongolia,1999,278.5,163.9
3260,Mongolia,2000,309.3,188.7
3260,Mongolia,2001,316.8,197.9
3260,Mongolia,2002,307.9,194.7
3260,Mongolia,2003,338.6,193.5
3260,Mongolia,2004,373,196.6
3260,Mongolia,2005,370.8,196
3260,Mongolia,2006,357.8,175
3260,Mongolia,2007,338.3,152
3260,Mongolia,2008,291.1,145.2
3285,Oman,1990,203.3,122.4
3285,Oman,1991,199.1,117.3
3285,Oman,1992,193,112.3
3285,Oman,1993,187.7,108.2
3285,Oman,1994,185.2,106.2
3285,Oman,1995,182.6,104.3
3285,Oman,1996,180.3,102.5
3285,Oman,1997,177.9,100.6
3285,Oman,1998,175.7,98.9
3285,Oman,1999,173.4,97.2
3285,Oman,2000,171.1,95.5
3285,Oman,2001,169,94
3285,Oman,2002,166.9,92.4
3285,Oman,2003,164.7,90.8
3285,Oman,2004,162.7,89.4
3285,Oman,2005,160.8,87.9
3285,Oman,2006,158.7,86.5
3285,Oman,2007,156.6,85
3285,Oman,2008,154.8,83.7
3300,Philippines,1990,274.5,166.2
3300,Philippines,1991,258.8,152.2
3300,Philippines,1992,268.7,162.7
3300,Philippines,1993,264.5,156.1
3300,Philippines,1994,250.1,139.8
3300,Philippines,1995,249.4,140.5
3300,Philippines,1996,245.4,133.5
3300,Philippines,1997,236.7,125.6
3300,Philippines,1998,236.9,123.6
3300,Philippines,1999,233.3,122.5
3300,Philippines,2000,239,129.2
3300,Philippines,2001,240.9,131.7
3300,Philippines,2002,241.9,132
3300,Philippines,2003,239,129.5
3300,Philippines,2004,239.1,129.8
3300,Philippines,2005,231.4,123
3300,Philippines,2006,228.9,120.9
3300,Philippines,2007,226.3,118.8
3300,Philippines,2008,223.8,116.7
3320,Qatar,1990,94.2,82.1
3320,Qatar,1991,95.4,80.6
3320,Qatar,1992,94.6,87.2
3320,Qatar,1993,92.4,90.4
3320,Qatar,1994,89.1,94.3
3320,Qatar,1995,88.3,86.2
3320,Qatar,1996,87.6,80.5
3320,Qatar,1997,87.3,74.9
3320,Qatar,1998,87.5,78.3
3320,Qatar,1999,84.7,81.7
3320,Qatar,2000,80.4,76.8
3320,Qatar,2001,75.1,72.2
3320,Qatar,2002,73.3,67.1
3320,Qatar,2003,73.3,68.9
3320,Qatar,2004,77.9,65.9
3320,Qatar,2005,82,59.4
3320,Qatar,2006,81.5,51.1
3320,Qatar,2007,77.9,54.9
3320,Qatar,2008,77.4,53
3325,Republic of Korea,1990,236.5,101.6
3325,Republic of Korea,1991,231,97
3325,Republic of Korea,1992,218.2,91
3325,Republic of Korea,1993,210.8,86.9
3325,Republic of Korea,1994,208.3,82.7
3325,Republic of Korea,1995,203.3,79.9
3325,Republic of Korea,1996,197.5,75.5
3325,Republic of Korea,1997,187.5,73.1
3325,Republic of Korea,1998,179.9,68.6
3325,Republic of Korea,1999,168.4,63.6
3325,Republic of Korea,2000,162.8,61.8
3325,Republic of Korea,2001,151.2,57.3
3325,Republic of Korea,2002,145.1,55.4
3325,Republic of Korea,2003,139.7,54.2
3325,Republic of Korea,2004,133.5,50.8
3325,Republic of Korea,2005,124.8,50.5
3325,Republic of Korea,2006,118.8,47.1
3325,Republic of Korea,2007,113.8,46.7
3325,Republic of Korea,2008,108.4,43.4
3340,Saudi Arabia,1990,216.9,139.4
3340,Saudi Arabia,1991,214,134.8
3340,Saudi Arabia,1992,211.4,130.6
3340,Saudi Arabia,1993,209,126.8
3340,Saudi Arabia,1994,206.6,122.9
3340,Saudi Arabia,1995,204.5,119.2
3340,Saudi Arabia,1996,202.6,115.9
3340,Saudi Arabia,1997,199.5,112.6
3340,Saudi Arabia,1998,195.2,109.4
3340,Saudi Arabia,1999,191.2,106.4
3340,Saudi Arabia,2000,190.8,106.1
3340,Saudi Arabia,2001,190.2,105.7
3340,Saudi Arabia,2002,189.5,105.2
3340,Saudi Arabia,2003,188.9,104.7
3340,Saudi Arabia,2004,188.2,104.2
3340,Saudi Arabia,2005,187.9,104
3340,Saudi Arabia,2006,187.2,103.5
3340,Saudi Arabia,2007,186.5,103
3340,Saudi Arabia,2008,186.2,102.7
3350,Singapore,1990,152.1,92.9
3350,Singapore,1991,133.5,76.9
3350,Singapore,1992,125.7,76.9
3350,Singapore,1993,120.1,76.4
3350,Singapore,1994,120.9,74.6
3350,Singapore,1995,120.4,71.4
3350,Singapore,1996,115.8,67
3350,Singapore,1997,106.4,64.4
3350,Singapore,1998,103.9,62.2
3350,Singapore,1999,97.7,58.9
3350,Singapore,2000,97,56.1
3350,Singapore,2001,97.2,56
3350,Singapore,2002,96.4,54.9
3350,Singapore,2003,93.7,51.8
3350,Singapore,2004,87.7,53.9
3350,Singapore,2005,90,49.5
3350,Singapore,2006,82.5,50.2
3350,Singapore,2007,83.1,45.5
3350,Singapore,2008,81.8,46.6
3365,Sri Lanka,1990,324,150.6
3365,Sri Lanka,1991,288.4,142.3
3365,Sri Lanka,1992,280.8,138.9
3365,Sri Lanka,1993,273.3,134.3
3365,Sri Lanka,1994,279.3,135.9
3365,Sri Lanka,1995,302,136.4
3365,Sri Lanka,1996,308.9,138.2
3365,Sri Lanka,1997,316.1,140.1
3365,Sri Lanka,1998,300.6,133.1
3365,Sri Lanka,1999,300,130.4
3365,Sri Lanka,2000,301.7,126.4
3365,Sri Lanka,2001,283.1,115.9
3365,Sri Lanka,2002,264.2,110.9
3365,Sri Lanka,2003,258.8,108.3
3365,Sri Lanka,2004,239.6,102.7
3365,Sri Lanka,2005,221.8,97.5
3365,Sri Lanka,2006,205.3,92.6
3365,Sri Lanka,2007,191.5,88.8
3365,Sri Lanka,2008,179.9,85.3
3370,Syrian Arab Republic,1990,248,187.3
3370,Syrian Arab Republic,1991,241.9,180.6
3370,Syrian Arab Republic,1992,236.1,174.1
3370,Syrian Arab Republic,1993,230.3,167.8
3370,Syrian Arab Republic,1994,224.7,161.8
3370,Syrian Arab Republic,1995,219.3,156
3370,Syrian Arab Republic,1996,213.9,150.4
3370,Syrian Arab Republic,1997,208.7,145
3370,Syrian Arab Republic,1998,203.7,139.8
3370,Syrian Arab Republic,1999,198.7,134.7
3370,Syrian Arab Republic,2000,193.9,129.9
3370,Syrian Arab Republic,2001,191.9,128.6
3370,Syrian Arab Republic,2002,190,127.3
3370,Syrian Arab Republic,2003,188,126
3370,Syrian Arab Republic,2004,186.1,124.8
3370,Syrian Arab Republic,2005,184.2,123.5
3370,Syrian Arab Republic,2006,182.4,122.3
3370,Syrian Arab Republic,2007,180.5,121.1
3370,Syrian Arab Republic,2008,178.7,119.9
3380,Thailand,1990,258.6,147.4
3380,Thailand,1991,267.1,150
3380,Thailand,1992,273.7,148.6
3380,Thailand,1993,285.9,149.7
3380,Thailand,1994,307.8,153.7
3380,Thailand,1995,309.9,143.8
3380,Thailand,1996,330.6,155.6
3380,Thailand,1997,292.5,138.2
3380,Thailand,1998,278.8,134.6
3380,Thailand,1999,325.3,162.1
3380,Thailand,2000,327.1,163.1
3380,Thailand,2001,316.2,163.5
3380,Thailand,2002,315.4,163.1
3380,Thailand,2003,309.2,153.4
3380,Thailand,2004,301.1,149.9
3380,Thailand,2005,291.1,139.9
3380,Thailand,2006,280.6,133.9
3380,Thailand,2007,279.8,141.5
3380,Thailand,2008,274.8,140.1
3400,Turkey,1990,217,151
3400,Turkey,1991,213.5,146.5
3400,Turkey,1992,210.1,142.1
3400,Turkey,1993,206.7,137.9
3400,Turkey,1994,203.4,133.8
3400,Turkey,1995,200.1,129.8
3400,Turkey,1996,196.9,125.9
3400,Turkey,1997,193.7,122.2
3400,Turkey,1998,190.6,118.5
3400,Turkey,1999,187.5,115
3400,Turkey,2000,184.5,111.6
3400,Turkey,2001,178.9,107
3400,Turkey,2002,173.5,102.6
3400,Turkey,2003,168.2,98.4
3400,Turkey,2004,163.1,94.4
3400,Turkey,2005,158.1,90.5
3400,Turkey,2006,154,86.5
3400,Turkey,2007,150.1,82.6
3400,Turkey,2008,136.5,73.2
3405,United Arab Emirates,1990,139.7,110.6
3405,United Arab Emirates,1991,135.3,106.6
3405,United Arab Emirates,1992,131,102.8
3405,United Arab Emirates,1993,126.9,99.2
3405,United Arab Emirates,1994,122.9,95.6
3405,United Arab Emirates,1995,119,92.2
3405,United Arab Emirates,1996,115.2,88.9
3405,United Arab Emirates,1997,111.6,85.8
3405,United Arab Emirates,1998,108,82.7
3405,United Arab Emirates,1999,104.6,79.8
3405,United Arab Emirates,2000,101.3,76.9
3405,United Arab Emirates,2001,98.1,74.2
3405,United Arab Emirates,2002,95,71.6
3405,United Arab Emirates,2003,92,69
3405,United Arab Emirates,2004,89.1,66.5
3405,United Arab Emirates,2005,86.3,64.4
3405,United Arab Emirates,2006,83.5,62.1
3405,United Arab Emirates,2007,80.9,60.2
3405,United Arab Emirates,2008,78.3,59.6
3420,Yemen,1990,304.1,276.8
3420,Yemen,1991,302.5,274.6
3420,Yemen,1992,300.9,272.2
3420,Yemen,1993,299.1,269.7
3420,Yemen,1994,297.5,267.3
3420,Yemen,1995,295.8,265
3420,Yemen,1996,291.2,258.3
3420,Yemen,1997,285.6,250.3
3420,Yemen,1998,280.3,242.6
3420,Yemen,1999,275.4,235.5
3420,Yemen,2000,270.5,228.5
3420,Yemen,2001,266,222
3420,Yemen,2002,261.8,215.9
3420,Yemen,2003,257.7,210
3420,Yemen,2004,253.9,204.4
3420,Yemen,2005,250.3,199
3420,Yemen,2006,246.8,193.9
3420,Yemen,2007,243.5,189
3420,Yemen,2008,240.4,184.2
4005,Albania,1990,157.7,104.2
4005,Albania,1991,172.9,111.4
4005,Albania,1992,167.9,105.1
4005,Albania,1993,168.1,99.5
4005,Albania,1994,149,88.4
4005,Albania,1995,152.1,94.3
4005,Albania,1996,154.3,93.3
4005,Albania,1997,200.1,93.4
4005,Albania,1998,169.6,93.5
4005,Albania,1999,156.2,97.9
4005,Albania,2000,156.4,102.7
4005,Albania,2001,148.3,90.5
4005,Albania,2002,146.7,94.6
4005,Albania,2003,150.9,101.1
4005,Albania,2004,147.8,93.6
4005,Albania,2005,145.2,93
4005,Albania,2006,143.9,92.3
4005,Albania,2007,142.4,91.6
4005,Albania,2008,140.9,90.9
4007,Armenia,1990,279.5,135.2
4007,Armenia,1991,282.5,119.8
4007,Armenia,1992,296.3,129.2
4007,Armenia,1993,308.5,125.5
4007,Armenia,1994,303.7,112.1
4007,Armenia,1995,278.3,116.4
4007,Armenia,1996,268.5,120.6
4007,Armenia,1997,243.9,111.4
4007,Armenia,1998,227.4,109.9
4007,Armenia,1999,223.4,102.6
4007,Armenia,2000,210.1,96.1
4007,Armenia,2001,207.8,96.3
4007,Armenia,2002,246.1,109.6
4007,Armenia,2003,243.9,113.4
4007,Armenia,2004,240.9,108.5
4007,Armenia,2005,246.2,108.2
4007,Armenia,2006,240.7,102.7
4007,Armenia,2007,237.3,99.9
4007,Armenia,2008,239.5,100.7
4008,Andorra,1990,143.4,60.2
4008,Andorra,1991,141.3,59
4008,Andorra,1992,139.3,57.9
4008,Andorra,1993,137.4,56.8
4008,Andorra,1994,135.5,55.7
4008,Andorra,1995,133.7,54.7
4008,Andorra,1996,131.9,53.7
4008,Andorra,1997,130.2,52.7
4008,Andorra,1998,128.6,51.8
4008,Andorra,1999,127,50.9
4008,Andorra,2000,125.5,50
4008,Andorra,2001,121.6,49.2
4008,Andorra,2002,117.9,48.4
4008,Andorra,2003,114.4,47.6
4008,Andorra,2004,111,46.9
4008,Andorra,2005,107.8,46.2
4008,Andorra,2006,104.8,45.6
4008,Andorra,2007,101.9,45
4008,Andorra,2008,99.1,44.5
4010,Austria,1990,153.5,74.1
4010,Austria,1991,155.7,72.6
4010,Austria,1992,150.6,71.1
4010,Austria,1993,147.2,71.8
4010,Austria,1994,142.5,69.7
4010,Austria,1995,141.8,67.1
4010,Austria,1996,137.2,66.6
4010,Austria,1997,131.7,61.4
4010,Austria,1998,129.1,61.8
4010,Austria,1999,123.5,63.3
4010,Austria,2000,126.4,63.1
4010,Austria,2001,123,60.3
4010,Austria,2002,120,58.8
4010,Austria,2003,115.3,59.3
4010,Austria,2004,114,54.8
4010,Austria,2005,111.1,55
4010,Austria,2006,105,51.3
4010,Austria,2007,103.8,51.6
4010,Austria,2008,99,50
4012,Azerbaijan,1990,285.2,165
4012,Azerbaijan,1991,295.9,167.1
4012,Azerbaijan,1992,345.9,185.1
4012,Azerbaijan,1993,341.3,187.6
4012,Azerbaijan,1994,368.1,193.8
4012,Azerbaijan,1995,320.9,184.9
4012,Azerbaijan,1996,305.2,176.9
4012,Azerbaijan,1997,283.6,167.2
4012,Azerbaijan,1998,261.1,157.6
4012,Azerbaijan,1999,255.7,152.6
4012,Azerbaijan,2000,259.4,157.3
4012,Azerbaijan,2001,239.8,151.7
4012,Azerbaijan,2002,229.6,146.6
4012,Azerbaijan,2003,236.8,152.2
4012,Azerbaijan,2004,235.4,146.8
4012,Azerbaijan,2005,236.8,143.8
4012,Azerbaijan,2006,238.4,141.2
4012,Azerbaijan,2007,219,136.5
4012,Azerbaijan,2008,228.3,137.9
4018,Belarus,1990,282.5,107.3
4018,Belarus,1991,294.2,109.8
4018,Belarus,1992,309.3,115
4018,Belarus,1993,341,123.5
4018,Belarus,1994,347,124.1
4018,Belarus,1995,362.7,129.8
4018,Belarus,1996,348.2,131.1
4018,Belarus,1997,358.3,128.6
4018,Belarus,1998,368.5,129
4018,Belarus,1999,376,134.3
4018,Belarus,2000,354.1,125.3
4018,Belarus,2001,368.4,129.7
4018,Belarus,2002,381.6,136.8
4018,Belarus,2003,369.8,129.8
4018,Belarus,2004,359.7,127.7
4018,Belarus,2005,366.3,127.3
4018,Belarus,2006,352.2,121.6
4018,Belarus,2007,329.4,114.9
4018,Belarus,2008,330,111
4020,Belgium,1990,138.6,75
4020,Belgium,1991,138.3,72.3
4020,Belgium,1992,135.6,73.4
4020,Belgium,1993,136.4,71.6
4020,Belgium,1994,136.5,73.1
4020,Belgium,1995,136.5,71.6
4020,Belgium,1996,132.1,70.6
4020,Belgium,1997,131.4,71
4020,Belgium,1998,128.4,71.2
4020,Belgium,1999,130.4,67.3
4020,Belgium,2000,129.8,68.5
4020,Belgium,2001,127.6,67.5
4020,Belgium,2002,124.3,66.8
4020,Belgium,2003,122.1,65.1
4020,Belgium,2004,116.1,62.6
4020,Belgium,2005,114,62
4020,Belgium,2006,110.8,61
4020,Belgium,2007,113.3,64.8
4020,Belgium,2008,109.7,61.3
4025,Bosnia and Herzegovina,1990,180.8,85.9
4025,Bosnia and Herzegovina,1991,198.7,90.1
4025,Bosnia and Herzegovina,1992,196.6,89.7
4025,Bosnia and Herzegovina,1993,194.6,89.3
4025,Bosnia and Herzegovina,1994,192.7,89
4025,Bosnia and Herzegovina,1995,190.8,88.7
4025,Bosnia and Herzegovina,1996,189,88.4
4025,Bosnia and Herzegovina,1997,187.3,88.1
4025,Bosnia and Herzegovina,1998,185.6,87.9
4025,Bosnia and Herzegovina,1999,172,87.4
4025,Bosnia and Herzegovina,2000,168.8,85.3
4025,Bosnia and Herzegovina,2001,165.4,78.4
4025,Bosnia and Herzegovina,2002,158.3,75
4025,Bosnia and Herzegovina,2003,151.6,71.9
4025,Bosnia and Herzegovina,2004,145.2,71.9
4025,Bosnia and Herzegovina,2005,154.6,69.8
4025,Bosnia and Herzegovina,2006,148.3,70.1
4025,Bosnia and Herzegovina,2007,155.5,72.1
4025,Bosnia and Herzegovina,2008,146.9,68.4
4030,Bulgaria,1990,216.3,96.6
4030,Bulgaria,1991,207.6,94.5
4030,Bulgaria,1992,230.1,99.3
4030,Bulgaria,1993,240.4,94.9
4030,Bulgaria,1994,246.8,98.3
4030,Bulgaria,1995,245.2,99.6
4030,Bulgaria,1996,237.4,99.2
4030,Bulgaria,1997,242.8,105.5
4030,Bulgaria,1998,240,97.5
4030,Bulgaria,1999,220.6,97.7
4030,Bulgaria,2000,222.4,97
4030,Bulgaria,2001,222.1,94.9
4030,Bulgaria,2002,217.7,93.8
4030,Bulgaria,2003,216.2,91.3
4030,Bulgaria,2004,216.6,92.2
4030,Bulgaria,2005,220.3,92
4030,Bulgaria,2006,219.2,92.8
4030,Bulgaria,2007,213,90.7
4030,Bulgaria,2008,213.6,91.2
4038,Croatia,1990,223.5,88.8
4038,Croatia,1991,278.3,95.5
4038,Croatia,1992,250.8,87.2
4038,Croatia,1993,217.5,82.9
4038,Croatia,1994,198.7,81.4
4038,Croatia,1995,202.1,80.6
4038,Croatia,1996,205.6,86.4
4038,Croatia,1997,204.7,82.9
4038,Croatia,1998,195.4,80.3
4038,Croatia,1999,191.5,75.2
4038,Croatia,2000,186.7,74.4
4038,Croatia,2001,179.1,71.5
4038,Croatia,2002,173.7,70.2
4038,Croatia,2003,172.5,69.7
4038,Croatia,2004,159.7,66.1
4038,Croatia,2005,166.4,64.6
4038,Croatia,2006,160.7,63
4038,Croatia,2007,160.9,65.1
4038,Croatia,2008,163.4,64.8
4045,Czech Republic,1990,229.5,94.9
4045,Czech Republic,1991,217.2,94.9
4045,Czech Republic,1992,214.5,91
4045,Czech Republic,1993,202.2,87.1
4045,Czech Republic,1994,199.5,84.1
4045,Czech Republic,1995,193.8,86.9
4045,Czech Republic,1996,189.2,79.6
4045,Czech Republic,1997,187.5,80.9
4045,Czech Republic,1998,178.2,76.2
4045,Czech Republic,1999,175,74.7
4045,Czech Republic,2000,171.9,75.8
4045,Czech Republic,2001,167.6,75.7
4045,Czech Republic,2002,165.1,72.5
4045,Czech Republic,2003,166.5,74.1
4045,Czech Republic,2004,160.6,68.8
4045,Czech Republic,2005,155.6,69.9
4045,Czech Republic,2006,147.7,66.7
4045,Czech Republic,2007,146.4,64.9
4045,Czech Republic,2008,143.2,65.1
4050,Denmark,1990,151.7,99.3
4050,Denmark,1991,147.5,93.9
4050,Denmark,1992,144.1,93.3
4050,Denmark,1993,142.7,92.9
4050,Denmark,1994,145.1,92.1
4050,Denmark,1995,139,92
4050,Denmark,1996,137.2,86.7
4050,Denmark,1997,130.3,86.1
4050,Denmark,1998,125.5,79
4050,Denmark,1999,132.5,84.7
4050,Denmark,2000,121.5,77
4050,Denmark,2001,119.4,77
4050,Denmark,2002,123.4,75.6
4050,Denmark,2003,120.8,73.4
4050,Denmark,2004,118.2,71.8
4050,Denmark,2005,111.3,69.4
4050,Denmark,2006,115.8,68.4
4050,Denmark,2007,116,69.6
4050,Denmark,2008,111.6,66.6
4055,Estonia,1990,300.5,106.6
4055,Estonia,1991,317.4,114.8
4055,Estonia,1992,324.5,111.7
4055,Estonia,1993,365.7,127.2
4055,Estonia,1994,417.6,156.4
4055,Estonia,1995,396.7,133.3
4055,Estonia,1996,337.6,117.1
4055,Estonia,1997,335.3,114.9
4055,Estonia,1998,350.2,122.9
4055,Estonia,1999,327.1,116.6
4055,Estonia,2000,318,120.4
4055,Estonia,2001,335.6,123.5
4055,Estonia,2002,321.8,112
4055,Estonia,2003,300.8,107.7
4055,Estonia,2004,296.3,99.5
4055,Estonia,2005,281,99.5
4055,Estonia,2006,278.4,95.9
4055,Estonia,2007,282.7,92
4055,Estonia,2008,248.7,84.2
4070,Finland,1990,182.9,70.4
4070,Finland,1991,175,68
4070,Finland,1992,167.5,67.9
4070,Finland,1993,162.1,66.3
4070,Finland,1994,153.9,62.8
4070,Finland,1995,155.9,64.8
4070,Finland,1996,153.3,60.7
4070,Finland,1997,150.5,62.7
4070,Finland,1998,148,61.8
4070,Finland,1999,145.2,61
4070,Finland,2000,143.3,63
4070,Finland,2001,137,59.5
4070,Finland,2002,132.9,60
4070,Finland,2003,134.4,57.4
4070,Finland,2004,137.1,62.2
4070,Finland,2005,136.5,61.6
4070,Finland,2006,132.3,57.2
4070,Finland,2007,133.3,57
4070,Finland,2008,129.2,56.7
4080,France,1990,161.9,66.6
4080,France,1991,160.3,65.9
4080,France,1992,157.7,65.2
4080,France,1993,156.1,65.7
4080,France,1994,153.9,64
4080,France,1995,150.5,63.7
4080,France,1996,146,63
4080,France,1997,139.7,61.1
4080,France,1998,141.6,62.3
4080,France,1999,140.8,62
4080,France,2000,138.3,60.9
4080,France,2001,138.5,61.3
4080,France,2002,136.5,60.9
4080,France,2003,134.7,60.3
4080,France,2004,126.2,58
4080,France,2005,126.4,57
4080,France,2006,123.4,56.4
4080,France,2007,120.9,54.9
4080,France,2008,119.4,54.9
4084,Georgia,1990,242,109.7
4084,Georgia,1991,245.6,110.2
4084,Georgia,1992,250.8,110.3
4084,Georgia,1993,259.3,109.1
4084,Georgia,1994,269,108.2
4084,Georgia,1995,222.4,92.3
4084,Georgia,1996,201.8,84.1
4084,Georgia,1997,194.4,89.6
4084,Georgia,1998,202.1,87.6
4084,Georgia,1999,199.1,82
4084,Georgia,2000,194.3,78.7
4084,Georgia,2001,201.7,88.6
4084,Georgia,2002,210.4,100
4084,Georgia,2003,220.2,113.1
4084,Georgia,2004,235.4,100.4
4084,Georgia,2005,221.5,96.6
4084,Georgia,2006,230.3,83.3
4084,Georgia,2007,219.1,84.7
4084,Georgia,2008,225.7,84.3
4085,Germany,1990,157.3,76.8
4085,Germany,1991,156.6,75.9
4085,Germany,1992,152.1,73.5
4085,Germany,1993,149.3,73
4085,Germany,1994,146.9,70.9
4085,Germany,1995,143.1,69.9
4085,Germany,1996,139.4,68.8
4085,Germany,1997,134.2,66.7
4085,Germany,1998,128.6,64.6
4085,Germany,1999,125.7,63.8
4085,Germany,2000,124.2,63
4085,Germany,2001,120.6,61.7
4085,Germany,2002,119.3,61.3
4085,Germany,2003,117.5,60.2
4085,Germany,2004,111.7,57.9
4085,Germany,2005,109.4,56.9
4085,Germany,2006,106.3,55.4
4085,Germany,2007,103.8,54.6
4085,Germany,2008,101.2,53.5
4140,Greece,1990,116.8,55.7
4140,Greece,1991,120,54.8
4140,Greece,1992,119.7,56.4
4140,Greece,1993,117.1,53.7
4140,Greece,1994,117,52.4
4140,Greece,1995,117.4,51.7
4140,Greece,1996,118.4,51.3
4140,Greece,1997,116.7,49.9
4140,Greece,1998,115.3,50.5
4140,Greece,1999,117,51.3
4140,Greece,2000,116,48
4140,Greece,2001,114.3,46.6
4140,Greece,2002,108.9,47.2
4140,Greece,2003,110.4,46.4
4140,Greece,2004,111.2,46.9
4140,Greece,2005,110.3,46.5
4140,Greece,2006,106.1,44.2
4140,Greece,2007,110.5,45.6
4140,Greece,2008,105.3,44.3
4150,Hungary,1990,304.5,132.5
4150,Hungary,1991,306.1,131.8
4150,Hungary,1992,325,136.9
4150,Hungary,1993,328.6,139
4150,Hungary,1994,326.1,132.9
4150,Hungary,1995,317.2,130.3
4150,Hungary,1996,295.7,120.6
4150,Hungary,1997,287.2,121.5
4150,Hungary,1998,292.4,121.8
4150,Hungary,1999,289.6,120.9
4150,Hungary,2000,270.6,114.3
4150,Hungary,2001,260,110.8
4150,Hungary,2002,259,110.2
4150,Hungary,2003,257.3,111
4150,Hungary,2004,252.7,107.6
4150,Hungary,2005,255.8,107.3
4150,Hungary,2006,249.3,103.6
4150,Hungary,2007,245,105.8
4150,Hungary,2008,233.4,100.7
4160,Iceland,1990,111.9,69.3
4160,Iceland,1991,109.7,68.3
4160,Iceland,1992,101.2,64.3
4160,Iceland,1993,93.1,64.3
4160,Iceland,1994,95.7,67.7
4160,Iceland,1995,97.1,65.6
4160,Iceland,1996,95.7,64.4
4160,Iceland,1997,89.9,59.4
4160,Iceland,1998,88.7,59.3
4160,Iceland,1999,91.3,57.7
4160,Iceland,2000,91.7,56.7
4160,Iceland,2001,89,55.4
4160,Iceland,2002,77.9,52.9
4160,Iceland,2003,73.8,51.9
4160,Iceland,2004,69.4,49.8
4160,Iceland,2005,72.6,50.7
4160,Iceland,2006,72,48.9
4160,Iceland,2007,69.5,46
4160,Iceland,2008,66.2,45.8
4170,Ireland,1990,133.3,81.2
4170,Ireland,1991,132.9,75
4170,Ireland,1992,128.2,77.2
4170,Ireland,1993,129.3,73.7
4170,Ireland,1994,121.8,73.8
4170,Ireland,1995,125.8,73.8
4170,Ireland,1996,123.9,68.5
4170,Ireland,1997,123.4,71.1
4170,Ireland,1998,123.8,67.7
4170,Ireland,1999,121.5,69.6
4170,Ireland,2000,119.8,70.2
4170,Ireland,2001,112.5,66
4170,Ireland,2002,113.4,60.5
4170,Ireland,2003,102.3,61.3
4170,Ireland,2004,97.6,58.7
4170,Ireland,2005,91.3,56.7
4170,Ireland,2006,87.5,56.1
4170,Ireland,2007,94.1,54.4
4170,Ireland,2008,89.7,56.3
4180,Italy,1990,129,60.3
4180,Italy,1991,131.2,60.9
4180,Italy,1992,127.5,59.4
4180,Italy,1993,122.2,58.8
4180,Italy,1994,121.4,57.8
4180,Italy,1995,119,57.5
4180,Italy,1996,114.8,56.7
4180,Italy,1997,110.2,53.9
4180,Italy,1998,107.4,53.8
4180,Italy,1999,104.3,50.7
4180,Italy,2000,101,50.6
4180,Italy,2001,99.8,49.8
4180,Italy,2002,95.6,49.1
4180,Italy,2003,91.6,47.6
4180,Italy,2004,86.1,44.7
4180,Italy,2005,86.5,45
4180,Italy,2006,85.1,43.7
4180,Italy,2007,82.9,43.2
4180,Italy,2008,79.7,41.8
4182,Kazakhstan,1990,317.9,150.2
4182,Kazakhstan,1991,323.7,150.7
4182,Kazakhstan,1992,328.4,155.1
4182,Kazakhstan,1993,375.7,174.9
4182,Kazakhstan,1994,383,179.6
4182,Kazakhstan,1995,433,201.1
4182,Kazakhstan,1996,449.8,206.3
4182,Kazakhstan,1997,435.7,205.3
4182,Kazakhstan,1998,436.9,201.1
4182,Kazakhstan,1999,402.2,193.2
4182,Kazakhstan,2000,421.6,193.6
4182,Kazakhstan,2001,422.8,193.5
4182,Kazakhstan,2002,420.2,189.9
4182,Kazakhstan,2003,429.8,193.5
4182,Kazakhstan,2004,433.5,190.6
4182,Kazakhstan,2005,436.8,194.5
4182,Kazakhstan,2006,435.7,191.3
4182,Kazakhstan,2007,426.9,185
4182,Kazakhstan,2008,431.6,185.8
4184,Kyrgyzstan,1990,290.4,155.8
4184,Kyrgyzstan,1991,291.1,168.9
4184,Kyrgyzstan,1992,287.4,163.7
4184,Kyrgyzstan,1993,324.3,173.2
4184,Kyrgyzstan,1994,370.8,196.8
4184,Kyrgyzstan,1995,371.9,212.2
4184,Kyrgyzstan,1996,344,190.7
4184,Kyrgyzstan,1997,332.2,175.1
4184,Kyrgyzstan,1998,319.4,181.1
4184,Kyrgyzstan,1999,309.2,167
4184,Kyrgyzstan,2000,326.2,169.9
4184,Kyrgyzstan,2001,321.1,165.4
4184,Kyrgyzstan,2002,318.3,165.2
4184,Kyrgyzstan,2003,316.2,169.1
4184,Kyrgyzstan,2004,359,202
4184,Kyrgyzstan,2005,311.8,165.5
4184,Kyrgyzstan,2006,324.5,168.4
4184,Kyrgyzstan,2007,327.4,163.2
4184,Kyrgyzstan,2008,343.1,183.7
4186,Latvia,1990,311,118.2
4186,Latvia,1991,328.5,118.7
4186,Latvia,1992,351.7,126.9
4186,Latvia,1993,413.1,148.6
4186,Latvia,1994,456.8,165.4
4186,Latvia,1995,425.2,159.1
4186,Latvia,1996,357,132.5
4186,Latvia,1997,334.2,125.6
4186,Latvia,1998,348.8,131.5
4186,Latvia,1999,324.1,124.5
4186,Latvia,2000,320.2,117.1
4186,Latvia,2001,335.9,124.6
4186,Latvia,2002,327.3,117.8
4186,Latvia,2003,306.4,119.8
4186,Latvia,2004,299.7,114.6
4186,Latvia,2005,314.4,113.6
4186,Latvia,2006,322.6,123.1
4186,Latvia,2007,311.7,114.6
4186,Latvia,2008,311.1,115.3
4188,Lithuania,1990,287.5,106.9
4188,Lithuania,1991,309.8,114.4
4188,Lithuania,1992,316.1,112
4188,Lithuania,1993,360.7,126.5
4188,Lithuania,1994,380.6,134.4
4188,Lithuania,1995,372.4,133.7
4188,Lithuania,1996,340.6,122.8
4188,Lithuania,1997,313.8,111.3
4188,Lithuania,1998,306.1,110.8
4188,Lithuania,1999,296.6,105.9
4188,Lithuania,2000,293.1,103.2
4188,Lithuania,2001,311,109.1
4188,Lithuania,2002,303.4,103
4188,Lithuania,2003,302.3,105.7
4188,Lithuania,2004,304.2,102.4
4188,Lithuania,2005,325.7,109.5
4188,Lithuania,2006,333.1,112.8
4188,Lithuania,2007,344.3,115.5
4188,Lithuania,2008,314.4,114
4190,Luxembourg,1990,160.1,79.3
4190,Luxembourg,1991,156.9,79.4
4190,Luxembourg,1992,154.3,78.7
4190,Luxembourg,1993,146.1,74.8
4190,Luxembourg,1994,146.2,71.4
4190,Luxembourg,1995,146.7,66.5
4190,Luxembourg,1996,140.2,67.9
4190,Luxembourg,1997,138.6,67
4190,Luxembourg,1998,129.5,64.9
4190,Luxembourg,1999,128.4,65.5
4190,Luxembourg,2000,120.8,67
4190,Luxembourg,2001,124.3,67.6
4190,Luxembourg,2002,124.5,59.4
4190,Luxembourg,2003,122.9,56.4
4190,Luxembourg,2004,115,54
4190,Luxembourg,2005,110.9,58.7
4190,Luxembourg,2006,105.7,58.2
4190,Luxembourg,2007,104.1,56.5
4190,Luxembourg,2008,101,55.9
4195,The former Yugoslav Republic of Macedonia,1990,152.8,86.9
4195,The former Yugoslav Republic of Macedonia,1991,162.9,93.2
4195,The former Yugoslav Republic of Macedonia,1992,171,94.6
4195,The former Yugoslav Republic of Macedonia,1993,175.5,93.9
4195,The former Yugoslav Republic of Macedonia,1994,169.5,92.8
4195,The former Yugoslav Republic of Macedonia,1995,170.4,90.9
4195,The former Yugoslav Republic of Macedonia,1996,169.6,91.2
4195,The former Yugoslav Republic of Macedonia,1997,165.5,94.6
4195,The former Yugoslav Republic of Macedonia,1998,167.3,96
4195,The former Yugoslav Republic of Macedonia,1999,165.5,90.4
4195,The former Yugoslav Republic of Macedonia,2000,158.5,86.6
4195,The former Yugoslav Republic of Macedonia,2001,164,83.4
4195,The former Yugoslav Republic of Macedonia,2002,169.7,81.7
4195,The former Yugoslav Republic of Macedonia,2003,163.7,82.1
4195,The former Yugoslav Republic of Macedonia,2004,152.8,80.9
4195,The former Yugoslav Republic of Macedonia,2005,152.5,79.7
4195,The former Yugoslav Republic of Macedonia,2006,155.4,79.9
4195,The former Yugoslav Republic of Macedonia,2007,150.3,84.1
4195,The former Yugoslav Republic of Macedonia,2008,150.8,80.3
4200,Malta,1990,107.4,62.1
4200,Malta,1991,104.2,64.7
4200,Malta,1992,102.3,64.3
4200,Malta,1993,99.1,62.8
4200,Malta,1994,98.1,56.6
4200,Malta,1995,94.3,53
4200,Malta,1996,94.6,53.5
4200,Malta,1997,94.2,50.4
4200,Malta,1998,97.7,52.1
4200,Malta,1999,93.6,52.8
4200,Malta,2000,90,53.9
4200,Malta,2001,86.2,51.7
4200,Malta,2002,85.5,49.3
4200,Malta,2003,80.5,50
4200,Malta,2004,77.6,49.6
4200,Malta,2005,77.6,48.1
4200,Malta,2006,79.4,47.4
4200,Malta,2007,83.3,45.4
4200,Malta,2008,76.9,44.4
4205,Monaco,1990,155,67.4
4205,Monaco,1991,152.9,66.6
4205,Monaco,1992,150.9,65.9
4205,Monaco,1993,148.9,65.3
4205,Monaco,1994,146.9,64.6
4205,Monaco,1995,145,64
4205,Monaco,1996,143.2,63.4
4205,Monaco,1997,141.4,62.9
4205,Monaco,1998,139.6,62.3
4205,Monaco,1999,137.9,61.8
4205,Monaco,2000,136.2,61.3
4205,Monaco,2001,133.7,60.1
4205,Monaco,2002,131.2,58.9
4205,Monaco,2003,128.9,57.7
4205,Monaco,2004,126.6,56.6
4205,Monaco,2005,124.4,55.5
4205,Monaco,2006,122.3,54.5
4205,Monaco,2007,120.3,53.5
4205,Monaco,2008,118.3,52.5
4207,Montenegro,1990,164.4,72.5
4207,Montenegro,1991,178.4,75.4
4207,Montenegro,1992,182.9,76.6
4207,Montenegro,1993,181.5,84.7
4207,Montenegro,1994,176.4,84.6
4207,Montenegro,1995,173.6,89
4207,Montenegro,1996,175.2,88.4
4207,Montenegro,1997,178.3,92
4207,Montenegro,1998,184.8,95.3
4207,Montenegro,1999,183.6,94.6
4207,Montenegro,2000,177.8,97.4
4207,Montenegro,2001,171.7,94
4207,Montenegro,2002,171.8,96.6
4207,Montenegro,2003,172.8,95.4
4207,Montenegro,2004,165.8,91.5
4207,Montenegro,2005,174.5,88.8
4207,Montenegro,2006,170.4,84.9
4207,Montenegro,2007,172.7,90
4207,Montenegro,2008,172.5,89.8
4210,Netherlands,1990,116.2,67
4210,Netherlands,1991,112.5,67.8
4210,Netherlands,1992,110.6,67.3
4210,Netherlands,1993,112.5,68.4
4210,Netherlands,1994,107.3,68
4210,Netherlands,1995,105.6,67
4210,Netherlands,1996,105.1,67
4210,Netherlands,1997,100.7,67
4210,Netherlands,1998,99.3,65.6
4210,Netherlands,1999,99.9,67.2
4210,Netherlands,2000,99.8,67
4210,Netherlands,2001,96.9,66.3
4210,Netherlands,2002,93.7,66.8
4210,Netherlands,2003,93,65.9
4210,Netherlands,2004,89.1,63.3
4210,Netherlands,2005,82.6,61.2
4210,Netherlands,2006,80.9,59.4
4210,Netherlands,2007,78.3,57.3
4210,Netherlands,2008,78.3,57.5
4220,Norway,1990,128,65.1
4220,Norway,1991,122.9,64.7
4220,Norway,1992,123,64.9
4220,Norway,1993,115.3,62.6
4220,Norway,1994,111.6,63.7
4220,Norway,1995,113,60.7
4220,Norway,1996,106,63.6
4220,Norway,1997,104.2,63.1
4220,Norway,1998,108.2,61.9
4220,Norway,1999,103.5,60.2
4220,Norway,2000,106.7,61.2
4220,Norway,2001,100.6,59.3
4220,Norway,2002,98.5,58.5
4220,Norway,2003,94,56.9
4220,Norway,2004,92.4,57.4
4220,Norway,2005,87.6,55.4
4220,Norway,2006,85.8,52.9
4220,Norway,2007,81,52.8
4220,Norway,2008,80.7,52.5
4230,Poland,1990,263,101.6
4230,Poland,1991,275.2,104.2
4230,Poland,1992,265.5,100.6
4230,Poland,1993,249.2,95.7
4230,Poland,1994,246,94.9
4230,Poland,1995,249.2,93.8
4230,Poland,1996,238.6,91.3
4230,Poland,1997,237.2,91
4230,Poland,1998,231.8,88.5
4230,Poland,1999,231.7,88.8
4230,Poland,2000,216,86.1
4230,Poland,2001,213.4,84.8
4230,Poland,2002,207,81.2
4230,Poland,2003,203.8,79.8
4230,Poland,2004,207.1,79.2
4230,Poland,2005,207.5,79.4
4230,Poland,2006,208.7,79.5
4230,Poland,2007,209,79.2
4230,Poland,2008,204.8,77.3
4240,Portugal,1990,176.1,79.8
4240,Portugal,1991,179.7,80.1
4240,Portugal,1992,179,77.2
4240,Portugal,1993,175.8,79
4240,Portugal,1994,164.4,71.8
4240,Portugal,1995,170.2,72
4240,Portugal,1996,173.7,71.9
4240,Portugal,1997,166.3,73.1
4240,Portugal,1998,163.7,69.4
4240,Portugal,1999,160.7,67.9
4240,Portugal,2000,155.2,66.3
4240,Portugal,2001,154.1,65.3
4240,Portugal,2002,150.3,63.7
4240,Portugal,2003,144.6,62.2
4240,Portugal,2004,138.1,58.6
4240,Portugal,2005,139.8,58.4
4240,Portugal,2006,134.9,53.2
4240,Portugal,2007,128,53.4
4240,Portugal,2008,128,52.4
4260,Republic of Moldova,1990,284.6,155.1
4260,Republic of Moldova,1991,299.8,169.6
4260,Republic of Moldova,1992,301.7,152.7
4260,Republic of Moldova,1993,291.2,157.5
4260,Republic of Moldova,1994,340.3,175.8
4260,Republic of Moldova,1995,353.1,182.9
4260,Republic of Moldova,1996,330.4,171.9
4260,Republic of Moldova,1997,321.2,167.9
4260,Republic of Moldova,1998,305.3,151.9
4260,Republic of Moldova,1999,309.5,151.3
4260,Republic of Moldova,2000,310.3,154.6
4260,Republic of Moldova,2001,302.5,152.3
4260,Republic of Moldova,2002,303.4,152.4
4260,Republic of Moldova,2003,303.4,151.9
4260,Republic of Moldova,2004,304.7,141
4260,Republic of Moldova,2005,333.1,150.5
4260,Republic of Moldova,2006,325.2,151.2
4260,Republic of Moldova,2007,318.3,148.3
4260,Republic of Moldova,2008,311.9,141.3
4270,Romania,1990,238.6,113.5
4270,Romania,1991,237.9,112
4270,Romania,1992,257.9,115.9
4270,Romania,1993,264.4,117.5
4270,Romania,1994,272.2,119.1
4270,Romania,1995,282,121.6
4270,Romania,1996,286.9,125.1
4270,Romania,1997,286.2,122.9
4270,Romania,1998,264.8,117.4
4270,Romania,1999,244.8,110.1
4270,Romania,2000,237.1,106.3
4270,Romania,2001,242.3,106.5
4270,Romania,2002,246.1,108.7
4270,Romania,2003,241.3,106.4
4270,Romania,2004,231.6,100.2
4270,Romania,2005,224,98.8
4270,Romania,2006,218.3,94.8
4270,Romania,2007,215,91.5
4270,Romania,2008,220.1,90.5
4272,Russian Federation,1990,317.5,116.9
4272,Russian Federation,1991,323.2,119.2
4272,Russian Federation,1992,363,130.3
4272,Russian Federation,1993,441.2,159.8
4272,Russian Federation,1994,485.5,177.9
4272,Russian Federation,1995,466.6,169.6
4272,Russian Federation,1996,427.7,154.4
4272,Russian Federation,1997,391.7,142.9
4272,Russian Federation,1998,384.1,139.6
4272,Russian Federation,1999,418.5,152.3
4272,Russian Federation,2000,439.5,159.9
4272,Russian Federation,2001,451.7,165.7
4272,Russian Federation,2002,461.2,171.6
4272,Russian Federation,2003,470.1,175.5
4272,Russian Federation,2004,460.8,171.6
4272,Russian Federation,2005,466.4,172.9
4272,Russian Federation,2006,424.7,157.3
4272,Russian Federation,2007,398.2,147.6
4272,Russian Federation,2008,394.1,146.3
4273,Serbia,1990,183.7,93.8
4273,Serbia,1991,204.3,98.2
4273,Serbia,1992,201.9,101.6
4273,Serbia,1993,193.7,104.8
4273,Serbia,1994,187.3,102.9
4273,Serbia,1995,185.1,100.1
4273,Serbia,1996,186.9,102.5
4273,Serbia,1997,188.8,104.9
4273,Serbia,1998,203.8,105.4
4273,Serbia,1999,204.7,108.5
4273,Serbia,2000,207.5,106.2
4273,Serbia,2001,200.1,104
4273,Serbia,2002,197.8,100.3
4273,Serbia,2003,197.5,100.3
4273,Serbia,2004,195,97.3
4273,Serbia,2005,191.3,97.7
4273,Serbia,2006,186.7,93.6
4273,Serbia,2007,185,90.3
4273,Serbia,2008,182.9,90.7
4274,Slovakia,1990,269,103.4
4274,Slovakia,1991,259.9,102.7
4274,Slovakia,1992,251,94.5
4274,Slovakia,1993,237.4,92.8
4274,Slovakia,1994,230,88.9
4274,Slovakia,1995,227.9,88.8
4274,Slovakia,1996,218.5,83.9
4274,Slovakia,1997,223.4,90
4274,Slovakia,1998,228.4,86.1
4274,Slovakia,1999,221.4,85.2
4274,Slovakia,2000,214.7,79.1
4274,Slovakia,2001,206.9,80.8
4274,Slovakia,2002,208.5,77.5
4274,Slovakia,2003,205.4,77.7
4274,Slovakia,2004,193.9,77.6
4274,Slovakia,2005,198.3,76.4
4274,Slovakia,2006,195.6,75.8
4274,Slovakia,2007,196.3,78.3
4274,Slovakia,2008,194.8,72.8
4275,San Marino,1990,80.3,39.6
4275,San Marino,1991,81,42.2
4275,San Marino,1992,92.9,42.8
4275,San Marino,1993,97.2,43.7
4275,San Marino,1994,93.4,42.3
4275,San Marino,1995,95.4,37.7
4275,San Marino,1996,87.5,34.6
4275,San Marino,1997,81.5,32.3
4275,San Marino,1998,84.2,30.6
4275,San Marino,1999,80.8,35.3
4275,San Marino,2000,74.3,38.9
4275,San Marino,2001,68,38.3
4275,San Marino,2002,60.5,42.3
4275,San Marino,2003,60.2,44.4
4275,San Marino,2004,64.5,47
4275,San Marino,2005,69,47.6
4275,San Marino,2006,61.6,45.9
4275,San Marino,2007,60.1,46.9
4275,San Marino,2008,58.7,47.7
4276,Slovenia,1990,206.6,81.5
4276,Slovenia,1991,207.1,88.2
4276,Slovenia,1992,202.7,85.9
4276,Slovenia,1993,213.2,86.5
4276,Slovenia,1994,200.1,85.5
4276,Slovenia,1995,185.6,80.2
4276,Slovenia,1996,179.8,82.3
4276,Slovenia,1997,182.2,74.2
4276,Slovenia,1998,178.3,75.3
4276,Slovenia,1999,170.5,77.1
4276,Slovenia,2000,167.4,72.3
4276,Slovenia,2001,170.9,73.5
4276,Slovenia,2002,161.5,68.6
4276,Slovenia,2003,165.3,68.6
4276,Slovenia,2004,152.5,70.7
4276,Slovenia,2005,139.4,63.4
4276,Slovenia,2006,147.6,56.3
4276,Slovenia,2007,139.2,58.2
4276,Slovenia,2008,132,54.5
4280,Spain,1990,145.6,59.7
4280,Spain,1991,147.1,59.5
4280,Spain,1992,144.9,57.3
4280,Spain,1993,142,56.8
4280,Spain,1994,140.6,56.5
4280,Spain,1995,141.7,55.9
4280,Spain,1996,139.5,55.1
4280,Spain,1997,129.1,51.5
4280,Spain,1998,125.1,50
4280,Spain,1999,126.8,50.5
4280,Spain,2000,122.1,48.9
4280,Spain,2001,119.2,48.2
4280,Spain,2002,117.2,47.6
4280,Spain,2003,116.6,48.5
4280,Spain,2004,111.6,46.1
4280,Spain,2005,109.7,44.9
4280,Spain,2006,105.4,43.8
4280,Spain,2007,103.2,43.8
4280,Spain,2008,101.6,42.6
4290,Sweden,1990,114.1,65.6
4290,Sweden,1991,114.5,64.5
4290,Sweden,1992,106.7,61.8
4290,Sweden,1993,105.1,60.9
4290,Sweden,1994,101.6,61.1
4290,Sweden,1995,98.5,58.5
4290,Sweden,1996,93.7,58.4
4290,Sweden,1997,92.9,56.1
4290,Sweden,1998,90.8,56.1
4290,Sweden,1999,90.4,55.5
4290,Sweden,2000,87.1,56.1
4290,Sweden,2001,87.9,54.7
4290,Sweden,2002,84.6,53.4
4290,Sweden,2003,82.5,52.2
4290,Sweden,2004,84.5,53.4
4290,Sweden,2005,79.9,51.2
4290,Sweden,2006,77.8,49.5
4290,Sweden,2007,77.7,47.6
4290,Sweden,2008,75.9,47.9
4300,Switzerland,1990,126.4,62.2
4300,Switzerland,1991,129.5,62.3
4300,Switzerland,1992,125.8,61.1
4300,Switzerland,1993,118.9,60.7
4300,Switzerland,1994,118.5,60.9
4300,Switzerland,1995,117.2,61.4
4300,Switzerland,1996,108.5,57.2
4300,Switzerland,1997,107,57.4
4300,Switzerland,1998,103.4,54.9
4300,Switzerland,1999,96.5,53.5
4300,Switzerland,2000,98.7,53.8
4300,Switzerland,2001,94.5,51.6
4300,Switzerland,2002,91.2,51.5
4300,Switzerland,2003,90.2,50.1
4300,Switzerland,2004,87,47
4300,Switzerland,2005,83.8,46.1
4300,Switzerland,2006,80.3,46.8
4300,Switzerland,2007,78.2,45.5
4300,Switzerland,2008,76.4,44.4
4301,Tajikistan,1990,217,179.9
4301,Tajikistan,1991,218.5,187.7
4301,Tajikistan,1992,247.7,191
4301,Tajikistan,1993,452.4,231.9
4301,Tajikistan,1994,282.3,232.2
4301,Tajikistan,1995,272.3,221.4
4301,Tajikistan,1996,282.4,217.7
4301,Tajikistan,1997,253.1,197.2
4301,Tajikistan,1998,228.1,187.6
4301,Tajikistan,1999,212.5,179
4301,Tajikistan,2000,207.5,178
4301,Tajikistan,2001,190.9,187.5
4301,Tajikistan,2002,197.7,171.3
4301,Tajikistan,2003,182.9,168.6
4301,Tajikistan,2004,180.5,154.1
4301,Tajikistan,2005,205.8,178
4301,Tajikistan,2006,188.9,165.5
4301,Tajikistan,2007,187.1,163.6
4301,Tajikistan,2008,185.3,161.6
4302,Turkmenistan,1990,300.6,192.4
4302,Turkmenistan,1991,321,197.9
4302,Turkmenistan,1992,303.2,200.9
4302,Turkmenistan,1993,336.8,218.2
4302,Turkmenistan,1994,334.8,219.8
4302,Turkmenistan,1995,316.7,203.9
4302,Turkmenistan,1996,335.4,210.2
4302,Turkmenistan,1997,336,209.1
4302,Turkmenistan,1998,337.4,198.9
4302,Turkmenistan,1999,342.6,206.6
4302,Turkmenistan,2000,347.1,207.6
4302,Turkmenistan,2001,351.4,208.6
4302,Turkmenistan,2002,355.5,209.4
4302,Turkmenistan,2003,359.5,210.1
4302,Turkmenistan,2004,363.3,210.7
4302,Turkmenistan,2005,367,211.2
4302,Turkmenistan,2006,370.5,211.7
4302,Turkmenistan,2007,374,212.1
4302,Turkmenistan,2008,377.3,212.3
4303,Ukraine,1990,286.7,111.5
4303,Ukraine,1991,306.8,117.4
4303,Ukraine,1992,327,122.5
4303,Ukraine,1993,339.8,130.2
4303,Ukraine,1994,361.8,137.7
4303,Ukraine,1995,396.1,148.6
4303,Ukraine,1996,390.9,145.6
4303,Ukraine,1997,372.6,139
4303,Ukraine,1998,349.6,129.1
4303,Ukraine,1999,362.4,133.5
4303,Ukraine,2000,376.8,135.9
4303,Ukraine,2001,373.3,136.1
4303,Ukraine,2002,382.3,140
4303,Ukraine,2003,381.2,141.4
4303,Ukraine,2004,393.1,145.3
4303,Ukraine,2005,403.1,149.8
4303,Ukraine,2006,383.7,142.1
4303,Ukraine,2007,396.8,147
4303,Ukraine,2008,399.2,150.8
4308,United Kingdom,1990,129.2,78.1
4308,United Kingdom,1991,126.9,76
4308,United Kingdom,1992,122.6,74.1
4308,United Kingdom,1993,122.2,74.1
4308,United Kingdom,1994,117.6,71.7
4308,United Kingdom,1995,118.3,72.3
4308,United Kingdom,1996,116.9,71.3
4308,United Kingdom,1997,114.1,69.7
4308,United Kingdom,1998,113.1,69
4308,United Kingdom,1999,111.8,68
4308,United Kingdom,2000,108.1,67.4
4308,United Kingdom,2001,108.3,66.2
4308,United Kingdom,2002,106.5,64.8
4308,United Kingdom,2003,104.7,64.7
4308,United Kingdom,2004,101,62.5
4308,United Kingdom,2005,99.4,62
4308,United Kingdom,2006,99.4,61
4308,United Kingdom,2007,98.1,60.2
4308,United Kingdom,2008,95.8,59.2
4335,Uzbekistan,1990,250.3,143.9
4335,Uzbekistan,1991,258.3,152.1
4335,Uzbekistan,1992,242.1,147.5
4335,Uzbekistan,1993,255.8,157.3
4335,Uzbekistan,1994,268.2,167.2
4335,Uzbekistan,1995,273,165.1
4335,Uzbekistan,1996,289.3,167.7
4335,Uzbekistan,1997,267.4,158.8
4335,Uzbekistan,1998,256.5,157.7
4335,Uzbekistan,1999,245.4,147.8
4335,Uzbekistan,2000,251.8,151
4335,Uzbekistan,2001,245.1,146.7
4335,Uzbekistan,2002,241.9,149.5
4335,Uzbekistan,2003,234.5,142.9
4335,Uzbekistan,2004,228.6,141
4335,Uzbekistan,2005,236.2,142.8
4335,Uzbekistan,2006,228.8,142.3
4335,Uzbekistan,2007,226,141.4
4335,Uzbekistan,2008,223.1,140.4
5020,Australia,1990,123.6,66.1
5020,Australia,1991,118.3,65.1
5020,Australia,1992,115.8,64.6
5020,Australia,1993,112,61.1
5020,Australia,1994,111.4,61.5
5020,Australia,1995,107.9,59.7
5020,Australia,1996,106.7,59.5
5020,Australia,1997,103.5,59.1
5020,Australia,1998,102.6,57.3
5020,Australia,1999,100,55.2
5020,Australia,2000,96.9,55.5
5020,Australia,2001,92.9,53
5020,Australia,2002,89.6,52.3
5020,Australia,2003,87.6,49.8
5020,Australia,2004,85.1,48.8
5020,Australia,2005,84.2,46.9
5020,Australia,2006,81.6,47.4
5020,Australia,2007,83.6,47.4
5020,Australia,2008,80.5,45.8
5060,Cook Islands,1990,252.5,154.3
5060,Cook Islands,1991,253.9,149.2
5060,Cook Islands,1992,259.9,135.5
5060,Cook Islands,1993,255,144
5060,Cook Islands,1994,220.1,139
5060,Cook Islands,1995,210.6,130.1
5060,Cook Islands,1996,194.2,128.6
5060,Cook Islands,1997,185.9,133.7
5060,Cook Islands,1998,190.2,119.1
5060,Cook Islands,1999,187,118.7
5060,Cook Islands,2000,178.3,115.8
5060,Cook Islands,2001,172,112.2
5060,Cook Islands,2002,166,108.7
5060,Cook Islands,2003,160.1,105.3
5060,Cook Islands,2004,154.3,101.9
5060,Cook Islands,2005,148.8,98.8
5060,Cook Islands,2006,143.3,95.6
5060,Cook Islands,2007,137.9,92.5
5060,Cook Islands,2008,132.8,89.5
5105,Kiribati,1990,246.4,225.7
5105,Kiribati,1991,250.1,221.7
5105,Kiribati,1992,253.9,217.8
5105,Kiribati,1993,257.8,213.9
5105,Kiribati,1994,264.2,214.7
5105,Kiribati,1995,255,206.6
5105,Kiribati,1996,251.7,195.4
5105,Kiribati,1997,260.3,193.7
5105,Kiribati,1998,274,195.2
5105,Kiribati,1999,284.7,198.2
5105,Kiribati,2000,283.7,191.1
5105,Kiribati,2001,288.5,189.1
5105,Kiribati,2002,293.4,187.1
5105,Kiribati,2003,298.1,185
5105,Kiribati,2004,302.7,182.9
5105,Kiribati,2005,307.4,180.9
5105,Kiribati,2006,311.8,178.7
5105,Kiribati,2007,316.4,176.7
5105,Kiribati,2008,320.8,174.5
5107,Marshall Islands,1990,384.7,328.7
5107,Marshall Islands,1991,403.1,326
5107,Marshall Islands,1992,388.3,319.9
5107,Marshall Islands,1993,382.1,320
5107,Marshall Islands,1994,375.8,348.6
5107,Marshall Islands,1995,356.6,368.4
5107,Marshall Islands,1996,377.6,373.8
5107,Marshall Islands,1997,406.8,370.5
5107,Marshall Islands,1998,425.9,363.9
5107,Marshall Islands,1999,437.8,365
5107,Marshall Islands,2000,435.8,368.1
5107,Marshall Islands,2001,425.1,375.3
5107,Marshall Islands,2002,416.8,368.5
5107,Marshall Islands,2003,409.2,360.3
5107,Marshall Islands,2004,410.2,374.1
5107,Marshall Islands,2005,421.2,376.4
5107,Marshall Islands,2006,423.1,378.8
5107,Marshall Islands,2007,425.1,381.3
5107,Marshall Islands,2008,427.1,383.8
5108,Micronesia (Federated States of),1990,230.1,195.3
5108,Micronesia (Federated States of),1991,229,194.1
5108,Micronesia (Federated States of),1992,227.9,192.8
5108,Micronesia (Federated States of),1993,226.8,191.6
5108,Micronesia (Federated States of),1994,225.7,190.4
5108,Micronesia (Federated States of),1995,224.6,189.2
5108,Micronesia (Federated States of),1996,223.5,188
5108,Micronesia (Federated States of),1997,222.5,186.8
5108,Micronesia (Federated States of),1998,221.4,185.6
5108,Micronesia (Federated States of),1999,220.3,184.4
5108,Micronesia (Federated States of),2000,219.3,183.2
5108,Micronesia (Federated States of),2001,214.9,179.5
5108,Micronesia (Federated States of),2002,210.6,175.9
5108,Micronesia (Federated States of),2003,206.4,172.4
5108,Micronesia (Federated States of),2004,202.2,169
5108,Micronesia (Federated States of),2005,198.2,165.6
5108,Micronesia (Federated States of),2006,194.2,162.3
5108,Micronesia (Federated States of),2007,190.3,159
5108,Micronesia (Federated States of),2008,186.5,155.8
5110,Nauru,1990,566.9,398.8
5110,Nauru,1991,555.5,389.3
5110,Nauru,1992,544.4,380
5110,Nauru,1993,533.6,370.9
5110,Nauru,1994,522.9,362
5110,Nauru,1995,512.5,353.4
5110,Nauru,1996,502.2,344.9
5110,Nauru,1997,492.2,336.7
5110,Nauru,1998,482.4,328.6
5110,Nauru,1999,472.7,320.7
5110,Nauru,2000,463.3,313.1
5110,Nauru,2001,455.8,308.1
5110,Nauru,2002,448.4,303.3
5110,Nauru,2003,448.4,303.3
5110,Nauru,2004,448.4,303.3
5110,Nauru,2005,448.4,303.3
5110,Nauru,2006,448.4,303.3
5110,Nauru,2007,448.4,303.3
5110,Nauru,2008,448.4,303.3
5150,New Zealand,1990,143,93.3
5150,New Zealand,1991,134.1,85.6
5150,New Zealand,1992,137.7,80.1
5150,New Zealand,1993,130.5,82
5150,New Zealand,1994,122.7,77.2
5150,New Zealand,1995,126.5,81.7
5150,New Zealand,1996,121.5,76.6
5150,New Zealand,1997,118.8,76.4
5150,New Zealand,1998,112.2,71.5
5150,New Zealand,1999,112.4,70.9
5150,New Zealand,2000,105.1,67.1
5150,New Zealand,2001,102.4,65
5150,New Zealand,2002,101.6,65.5
5150,New Zealand,2003,99.3,65
5150,New Zealand,2004,94.2,63.5
5150,New Zealand,2005,95.2,60.1
5150,New Zealand,2006,90.9,59.8
5150,New Zealand,2007,92.9,59
5150,New Zealand,2008,87.7,57
5170,Niue,1990,209.4,74.7
5170,Niue,1991,213.5,78.7
5170,Niue,1992,215.8,79.3
5170,Niue,1993,214,80.1
5170,Niue,1994,239.5,95.4
5170,Niue,1995,259.8,100.1
5170,Niue,1996,247.7,85.3
5170,Niue,1997,255.3,82.2
5170,Niue,1998,260.4,87.1
5170,Niue,1999,260.7,88.4
5170,Niue,2000,260.8,89.4
5170,Niue,2001,260.8,90
5170,Niue,2002,260.6,90.3
5170,Niue,2003,260.2,90.4
5170,Niue,2004,259.7,90.2
5170,Niue,2005,259,89.9
5170,Niue,2006,258,89.5
5170,Niue,2007,256.8,88.9
5170,Niue,2008,255.3,88.2
5180,Palau,1990,289.1,112.2
5180,Palau,1991,289.2,130
5180,Palau,1992,295.7,131.2
5180,Palau,1993,284.8,130.5
5180,Palau,1994,271,141.7
5180,Palau,1995,275.8,145.8
5180,Palau,1996,272.4,152.1
5180,Palau,1997,265.8,159.4
5180,Palau,1998,264,155.1
5180,Palau,1999,249,137.7
5180,Palau,2000,252.6,140.5
5180,Palau,2001,249.3,117.6
5180,Palau,2002,246.4,106.1
5180,Palau,2003,240.3,117.8
5180,Palau,2004,255.9,124
5180,Palau,2005,240.4,118.5
5180,Palau,2006,237.5,116.4
5180,Palau,2007,234.6,114.3
5180,Palau,2008,231.7,112.3
5197,Samoa,1990,295.4,267.9
5197,Samoa,1991,288.7,260.6
5197,Samoa,1992,282.2,253.4
5197,Samoa,1993,275.8,246.5
5197,Samoa,1994,269.6,239.8
5197,Samoa,1995,263.5,233.2
5197,Samoa,1996,257.5,226.8
5197,Samoa,1997,251.7,220.6
5197,Samoa,1998,246,214.6
5197,Samoa,1999,240.4,208.7
5197,Samoa,2000,235,203
5197,Samoa,2001,235,203
5197,Samoa,2002,235,203
5197,Samoa,2003,235,203
5197,Samoa,2004,235,203
5197,Samoa,2005,235,203
5197,Samoa,2006,235,203
5197,Samoa,2007,235,203
5197,Samoa,2008,235,203
5198,Solomon Islands,1990,225.1,173.9
5198,Solomon Islands,1991,223,171.5
5198,Solomon Islands,1992,220.9,169.1
5198,Solomon Islands,1993,218.9,166.7
5198,Solomon Islands,1994,216.8,164.3
5198,Solomon Islands,1995,214.8,162
5198,Solomon Islands,1996,212.8,159.8
5198,Solomon Islands,1997,210.8,157.5
5198,Solomon Islands,1998,208.9,155.3
5198,Solomon Islands,1999,206.9,153.2
5198,Solomon Islands,2000,205,151
5198,Solomon Islands,2001,202,149
5198,Solomon Islands,2002,199,147
5198,Solomon Islands,2003,196.1,145.1
5198,Solomon Islands,2004,193.3,143.2
5198,Solomon Islands,2005,190.4,141.3
5198,Solomon Islands,2006,187.7,139.4
5198,Solomon Islands,2007,184.9,137.6
5198,Solomon Islands,2008,182.2,135.7
5200,Tonga,1990,312.7,128.3
5200,Tonga,1991,302.9,133.5
5200,Tonga,1992,293.3,138.8
5200,Tonga,1993,284,144.4
5200,Tonga,1994,275,150.2
5200,Tonga,1995,285.2,158.2
5200,Tonga,1996,281.1,166.6
5200,Tonga,1997,254.7,177.9
5200,Tonga,1998,226.7,183
5200,Tonga,1999,210.7,187.5
5200,Tonga,2000,219.4,187.1
5200,Tonga,2001,215.8,183.9
5200,Tonga,2002,194.6,195.5
5200,Tonga,2003,185.2,200.7
5200,Tonga,2004,176.2,206
5200,Tonga,2005,167.4,211.3
5200,Tonga,2006,159,216.7
5200,Tonga,2007,150.8,222.2
5200,Tonga,2008,143,227.8
5205,Tuvalu,1990,271.8,280
5205,Tuvalu,1991,271.5,280
5205,Tuvalu,1992,271.2,279.9
5205,Tuvalu,1993,271,279.9
5205,Tuvalu,1994,270.7,279.9
5205,Tuvalu,1995,273.2,283.7
5205,Tuvalu,1996,274,262.8
5205,Tuvalu,1997,277.7,263.7
5205,Tuvalu,1998,277.1,269.2
5205,Tuvalu,1999,278.3,265.5
5205,Tuvalu,2000,272.7,261.6
5205,Tuvalu,2001,264.9,270.1
5205,Tuvalu,2002,265.7,277.3
5205,Tuvalu,2003,265.9,274.5
5205,Tuvalu,2004,264.1,275.4
5205,Tuvalu,2005,262.4,276.2
5205,Tuvalu,2006,260.6,277.1
5205,Tuvalu,2007,258.9,278
5205,Tuvalu,2008,257.2,278.9
5207,Vanuatu,1990,271.5,237.4
5207,Vanuatu,1991,266.1,230.9
5207,Vanuatu,1992,260.8,224.6
5207,Vanuatu,1993,255.6,218.4
5207,Vanuatu,1994,250.6,212.4
5207,Vanuatu,1995,245.6,206.6
5207,Vanuatu,1996,240.7,200.9
5207,Vanuatu,1997,236,195.4
5207,Vanuatu,1998,231.3,190
5207,Vanuatu,1999,226.7,184.8
5207,Vanuatu,2000,222.2,179.7
5207,Vanuatu,2001,219.6,177.4
5207,Vanuatu,2002,217,175
5207,Vanuatu,2003,214.4,172.7
5207,Vanuatu,2004,211.9,170.4
5207,Vanuatu,2005,209.4,168.1
5207,Vanuatu,2006,206.9,165.9
5207,Vanuatu,2007,204.5,163.7
5207,Vanuatu,2008,202,161.5
